meeting_key,race_name,driver_number,driver_name,practice_1,practice_2,practice_3,sprint_quali,sprint_race,qualifying,race
1141,FORMULA 1 GULF AIR BAHRAIN GRAND PRIX 2023,14,Fernando ALONSO,2,1,1,,,5,3
1141,FORMULA 1 GULF AIR BAHRAIN GRAND PRIX 2023,16,Charles LECLERC,5,4,5,,,3,19
1141,FORMULA 1 GULF AIR BAHRAIN GRAND PRIX 2023,63,George RUSSELL,11,13,6,,,6,7
1141,FORMULA 1 GULF AIR BAHRAIN GRAND PRIX 2023,23,Alexander ALBON,19,17,19,,,15,10
1141,FORMULA 1 GULF AIR BAHRAIN GRAND PRIX 2023,27,Nico HULKENBERG,14,5,15,,,10,15
1141,FORMULA 1 GULF AIR BAHRAIN GRAND PRIX 2023,21,Nyck DE VRIES,16,19,20,,,19,14
1141,FORMULA 1 GULF AIR BAHRAIN GRAND PRIX 2023,24,ZHOU Guanyu,8,10,12,,,13,16
1141,FORMULA 1 GULF AIR BAHRAIN GRAND PRIX 2023,77,Valtteri BOTTAS,9,12,17,,,12,8
1141,FORMULA 1 GULF AIR BAHRAIN GRAND PRIX 2023,31,Esteban OCON,15,11,11,,,9,18
1141,FORMULA 1 GULF AIR BAHRAIN GRAND PRIX 2023,20,Kevin MAGNUSSEN,7,16,14,,,17,13
1141,FORMULA 1 GULF AIR BAHRAIN GRAND PRIX 2023,55,Carlos SAINZ,20,14,8,,,4,4
1141,FORMULA 1 GULF AIR BAHRAIN GRAND PRIX 2023,4,Lando NORRIS,4,9,13,,,11,17
1141,FORMULA 1 GULF AIR BAHRAIN GRAND PRIX 2023,2,Logan SARGEANT,18,20,18,,,16,12
1141,FORMULA 1 GULF AIR BAHRAIN GRAND PRIX 2023,81,Oscar PIASTRI,12,15,9,,,18,20
1141,FORMULA 1 GULF AIR BAHRAIN GRAND PRIX 2023,22,Yuki TSUNODA,13,18,16,,,14,11
1141,FORMULA 1 GULF AIR BAHRAIN GRAND PRIX 2023,11,Sergio PEREZ,1,3,3,,,2,2
1141,FORMULA 1 GULF AIR BAHRAIN GRAND PRIX 2023,44,Lewis HAMILTON,10,8,4,,,7,5
1141,FORMULA 1 GULF AIR BAHRAIN GRAND PRIX 2023,10,Pierre GASLY,17,7,10,,,20,9
1141,FORMULA 1 GULF AIR BAHRAIN GRAND PRIX 2023,18,Lance STROLL,6,6,7,,,8,6
1141,FORMULA 1 GULF AIR BAHRAIN GRAND PRIX 2023,1,Max VERSTAPPEN,3,2,2,,,1,1
1142,FORMULA 1 STC SAUDI ARABIAN GRAND PRIX 2023,14,Fernando ALONSO,3,2,3,,,3,3
1142,FORMULA 1 STC SAUDI ARABIAN GRAND PRIX 2023,16,Charles LECLERC,11,9,6,,,2,7
1142,FORMULA 1 STC SAUDI ARABIAN GRAND PRIX 2023,63,George RUSSELL,5,5,11,,,4,4
1142,FORMULA 1 STC SAUDI ARABIAN GRAND PRIX 2023,23,Alexander ALBON,9,14,15,,,17,19
1142,FORMULA 1 STC SAUDI ARABIAN GRAND PRIX 2023,27,Nico HULKENBERG,15,8,13,,,11,12
1142,FORMULA 1 STC SAUDI ARABIAN GRAND PRIX 2023,21,Nyck DE VRIES,13,17,20,,,18,14
1142,FORMULA 1 STC SAUDI ARABIAN GRAND PRIX 2023,24,ZHOU Guanyu,19,16,12,,,12,13
1142,FORMULA 1 STC SAUDI ARABIAN GRAND PRIX 2023,77,Valtteri BOTTAS,18,20,18,,,14,18
1142,FORMULA 1 STC SAUDI ARABIAN GRAND PRIX 2023,31,Esteban OCON,12,4,14,,,7,8
1142,FORMULA 1 STC SAUDI ARABIAN GRAND PRIX 2023,20,Kevin MAGNUSSEN,16,15,17,,,13,10
1142,FORMULA 1 STC SAUDI ARABIAN GRAND PRIX 2023,55,Carlos SAINZ,7,10,10,,,5,6
1142,FORMULA 1 STC SAUDI ARABIAN GRAND PRIX 2023,4,Lando NORRIS,20,12,7,,,19,17
1142,FORMULA 1 STC SAUDI ARABIAN GRAND PRIX 2023,2,Logan SARGEANT,17,18,16,,,20,16
1142,FORMULA 1 STC SAUDI ARABIAN GRAND PRIX 2023,81,Oscar PIASTRI,14,19,8,,,9,15
1142,FORMULA 1 STC SAUDI ARABIAN GRAND PRIX 2023,22,Yuki TSUNODA,10,13,19,,,16,11
1142,FORMULA 1 STC SAUDI ARABIAN GRAND PRIX 2023,11,Sergio PEREZ,2,3,2,,,1,1
1142,FORMULA 1 STC SAUDI ARABIAN GRAND PRIX 2023,44,Lewis HAMILTON,6,11,5,,,8,5
1142,FORMULA 1 STC SAUDI ARABIAN GRAND PRIX 2023,10,Pierre GASLY,8,6,9,,,10,9
1142,FORMULA 1 STC SAUDI ARABIAN GRAND PRIX 2023,18,Lance STROLL,4,7,4,,,6,20
1142,FORMULA 1 STC SAUDI ARABIAN GRAND PRIX 2023,1,Max VERSTAPPEN,1,1,1,,,15,2
1143,FORMULA 1 ROLEX AUSTRALIAN GRAND PRIX 2023,14,Fernando ALONSO,4,1,2,,,4,3
1143,FORMULA 1 ROLEX AUSTRALIAN GRAND PRIX 2023,16,Charles LECLERC,5,2,13,,,7,20
1143,FORMULA 1 ROLEX AUSTRALIAN GRAND PRIX 2023,63,George RUSSELL,9,4,4,,,2,18
1143,FORMULA 1 ROLEX AUSTRALIAN GRAND PRIX 2023,23,Alexander ALBON,11,18,12,,,8,19
1143,FORMULA 1 ROLEX AUSTRALIAN GRAND PRIX 2023,27,Nico HULKENBERG,13,9,11,,,10,7
1143,FORMULA 1 ROLEX AUSTRALIAN GRAND PRIX 2023,21,Nyck DE VRIES,14,17,19,,,15,15
1143,FORMULA 1 ROLEX AUSTRALIAN GRAND PRIX 2023,24,ZHOU Guanyu,19,15,10,,,17,9
1143,FORMULA 1 ROLEX AUSTRALIAN GRAND PRIX 2023,77,Valtteri BOTTAS,18,12,15,,,19,11
1143,FORMULA 1 ROLEX AUSTRALIAN GRAND PRIX 2023,31,Esteban OCON,16,6,3,,,11,14
1143,FORMULA 1 ROLEX AUSTRALIAN GRAND PRIX 2023,20,Kevin MAGNUSSEN,20,19,18,,,14,17
1143,FORMULA 1 ROLEX AUSTRALIAN GRAND PRIX 2023,55,Carlos SAINZ,6,5,7,,,5,12
1143,FORMULA 1 ROLEX AUSTRALIAN GRAND PRIX 2023,4,Lando NORRIS,7,8,20,,,13,6
1143,FORMULA 1 ROLEX AUSTRALIAN GRAND PRIX 2023,2,Logan SARGEANT,15,20,17,,,18,16
1143,FORMULA 1 ROLEX AUSTRALIAN GRAND PRIX 2023,81,Oscar PIASTRI,12,14,14,,,16,8
1143,FORMULA 1 ROLEX AUSTRALIAN GRAND PRIX 2023,22,Yuki TSUNODA,17,11,16,,,12,10
1143,FORMULA 1 ROLEX AUSTRALIAN GRAND PRIX 2023,11,Sergio PEREZ,3,7,6,,,20,5
1143,FORMULA 1 ROLEX AUSTRALIAN GRAND PRIX 2023,44,Lewis HAMILTON,2,13,8,,,3,2
1143,FORMULA 1 ROLEX AUSTRALIAN GRAND PRIX 2023,10,Pierre GASLY,8,10,5,,,9,13
1143,FORMULA 1 ROLEX AUSTRALIAN GRAND PRIX 2023,18,Lance STROLL,10,16,9,,,6,4
1143,FORMULA 1 ROLEX AUSTRALIAN GRAND PRIX 2023,1,Max VERSTAPPEN,1,3,1,,,1,1
1207,FORMULA 1 AZERBAIJAN GRAND PRIX 2023,14,Fernando ALONSO,8,,,8,6,6,4
1207,FORMULA 1 AZERBAIJAN GRAND PRIX 2023,16,Charles LECLERC,2,,,1,2,1,3
1207,FORMULA 1 AZERBAIJAN GRAND PRIX 2023,63,George RUSSELL,17,,,4,4,11,8
1207,FORMULA 1 AZERBAIJAN GRAND PRIX 2023,23,Alexander ALBON,9,,,7,9,13,12
1207,FORMULA 1 AZERBAIJAN GRAND PRIX 2023,27,Nico HULKENBERG,15,,,12,15,17,17
1207,FORMULA 1 AZERBAIJAN GRAND PRIX 2023,21,Nyck DE VRIES,6,,,20,14,20,20
1207,FORMULA 1 AZERBAIJAN GRAND PRIX 2023,24,ZHOU Guanyu,10,,,16,12,16,19
1207,FORMULA 1 AZERBAIJAN GRAND PRIX 2023,77,Valtteri BOTTAS,13,,,17,16,14,18
1207,FORMULA 1 AZERBAIJAN GRAND PRIX 2023,31,Esteban OCON,18,,,13,18,12,15
1207,FORMULA 1 AZERBAIJAN GRAND PRIX 2023,20,Kevin MAGNUSSEN,20,,,14,11,18,13
1207,FORMULA 1 AZERBAIJAN GRAND PRIX 2023,55,Carlos SAINZ,4,,,5,5,4,5
1207,FORMULA 1 AZERBAIJAN GRAND PRIX 2023,4,Lando NORRIS,5,,,10,17,7,9
1207,FORMULA 1 AZERBAIJAN GRAND PRIX 2023,2,Logan SARGEANT,16,,,15,,15,16
1207,FORMULA 1 AZERBAIJAN GRAND PRIX 2023,81,Oscar PIASTRI,12,,,11,10,10,11
1207,FORMULA 1 AZERBAIJAN GRAND PRIX 2023,22,Yuki TSUNODA,14,,,18,19,8,10
1207,FORMULA 1 AZERBAIJAN GRAND PRIX 2023,11,Sergio PEREZ,3,,,2,1,3,1
1207,FORMULA 1 AZERBAIJAN GRAND PRIX 2023,44,Lewis HAMILTON,11,,,6,7,5,6
1207,FORMULA 1 AZERBAIJAN GRAND PRIX 2023,10,Pierre GASLY,19,,,19,13,19,14
1207,FORMULA 1 AZERBAIJAN GRAND PRIX 2023,18,Lance STROLL,7,,,9,8,9,7
1207,FORMULA 1 AZERBAIJAN GRAND PRIX 2023,1,Max VERSTAPPEN,1,,,3,3,2,2
1208,FORMULA 1 CRYPTO.COM MIAMI GRAND PRIX 2023,14,Fernando ALONSO,7,5,12,,,2,3
1208,FORMULA 1 CRYPTO.COM MIAMI GRAND PRIX 2023,16,Charles LECLERC,3,3,2,,,7,7
1208,FORMULA 1 CRYPTO.COM MIAMI GRAND PRIX 2023,63,George RUSSELL,1,15,10,,,6,4
1208,FORMULA 1 CRYPTO.COM MIAMI GRAND PRIX 2023,23,Alexander ALBON,15,10,9,,,11,14
1208,FORMULA 1 CRYPTO.COM MIAMI GRAND PRIX 2023,27,Nico HULKENBERG,9,17,8,,,12,15
1208,FORMULA 1 CRYPTO.COM MIAMI GRAND PRIX 2023,21,Nyck DE VRIES,20,19,20,,,15,18
1208,FORMULA 1 CRYPTO.COM MIAMI GRAND PRIX 2023,24,ZHOU Guanyu,17,13,15,,,14,16
1208,FORMULA 1 CRYPTO.COM MIAMI GRAND PRIX 2023,77,Valtteri BOTTAS,14,14,7,,,10,13
1208,FORMULA 1 CRYPTO.COM MIAMI GRAND PRIX 2023,31,Esteban OCON,10,9,5,,,8,9
1208,FORMULA 1 CRYPTO.COM MIAMI GRAND PRIX 2023,20,Kevin MAGNUSSEN,13,12,11,,,4,10
1208,FORMULA 1 CRYPTO.COM MIAMI GRAND PRIX 2023,55,Carlos SAINZ,5,2,4,,,3,5
1208,FORMULA 1 CRYPTO.COM MIAMI GRAND PRIX 2023,4,Lando NORRIS,16,6,19,,,16,17
1208,FORMULA 1 CRYPTO.COM MIAMI GRAND PRIX 2023,2,Logan SARGEANT,19,20,17,,,20,20
1208,FORMULA 1 CRYPTO.COM MIAMI GRAND PRIX 2023,81,Oscar PIASTRI,12,16,18,,,19,19
1208,FORMULA 1 CRYPTO.COM MIAMI GRAND PRIX 2023,22,Yuki TSUNODA,18,18,16,,,17,11
1208,FORMULA 1 CRYPTO.COM MIAMI GRAND PRIX 2023,11,Sergio PEREZ,11,4,3,,,1,2
1208,FORMULA 1 CRYPTO.COM MIAMI GRAND PRIX 2023,44,Lewis HAMILTON,2,7,13,,,13,6
1208,FORMULA 1 CRYPTO.COM MIAMI GRAND PRIX 2023,10,Pierre GASLY,6,11,6,,,5,8
1208,FORMULA 1 CRYPTO.COM MIAMI GRAND PRIX 2023,18,Lance STROLL,8,8,14,,,18,12
1208,FORMULA 1 CRYPTO.COM MIAMI GRAND PRIX 2023,1,Max VERSTAPPEN,4,1,1,,,9,1
1210,FORMULA 1 GRAND PRIX DE MONACO 2023,14,Fernando ALONSO,2,4,14,,,2,2
1210,FORMULA 1 GRAND PRIX DE MONACO 2023,16,Charles LECLERC,5,2,7,,,3,6
1210,FORMULA 1 GRAND PRIX DE MONACO 2023,63,George RUSSELL,15,12,11,,,8,5
1210,FORMULA 1 GRAND PRIX DE MONACO 2023,23,Alexander ALBON,10,19,18,,,13,14
1210,FORMULA 1 GRAND PRIX DE MONACO 2023,27,Nico HULKENBERG,20,15,13,,,18,17
1210,FORMULA 1 GRAND PRIX DE MONACO 2023,21,Nyck DE VRIES,16,17,20,,,12,12
1210,FORMULA 1 GRAND PRIX DE MONACO 2023,24,ZHOU Guanyu,19,13,16,,,19,13
1210,FORMULA 1 GRAND PRIX DE MONACO 2023,77,Valtteri BOTTAS,11,8,10,,,15,11
1210,FORMULA 1 GRAND PRIX DE MONACO 2023,31,Esteban OCON,8,10,9,,,4,3
1210,FORMULA 1 GRAND PRIX DE MONACO 2023,20,Kevin MAGNUSSEN,12,14,12,,,17,19
1210,FORMULA 1 GRAND PRIX DE MONACO 2023,55,Carlos SAINZ,1,3,4,,,5,8
1210,FORMULA 1 GRAND PRIX DE MONACO 2023,4,Lando NORRIS,7,5,5,,,10,9
1210,FORMULA 1 GRAND PRIX DE MONACO 2023,2,Logan SARGEANT,18,20,17,,,16,18
1210,FORMULA 1 GRAND PRIX DE MONACO 2023,81,Oscar PIASTRI,17,18,19,,,11,10
1210,FORMULA 1 GRAND PRIX DE MONACO 2023,22,Yuki TSUNODA,13,16,15,,,9,15
1210,FORMULA 1 GRAND PRIX DE MONACO 2023,11,Sergio PEREZ,4,7,2,,,20,16
1210,FORMULA 1 GRAND PRIX DE MONACO 2023,44,Lewis HAMILTON,3,6,8,,,6,4
1210,FORMULA 1 GRAND PRIX DE MONACO 2023,10,Pierre GASLY,14,9,6,,,7,7
1210,FORMULA 1 GRAND PRIX DE MONACO 2023,18,Lance STROLL,9,11,3,,,14,20
1210,FORMULA 1 GRAND PRIX DE MONACO 2023,1,Max VERSTAPPEN,6,1,1,,,1,1
1211,FORMULA 1 AWS GRAN PREMIO DE ESPAÑA 2023,14,Fernando ALONSO,6,2,5,,,9,7
1211,FORMULA 1 AWS GRAN PREMIO DE ESPAÑA 2023,16,Charles LECLERC,8,6,7,,,19,11
1211,FORMULA 1 AWS GRAN PREMIO DE ESPAÑA 2023,63,George RUSSELL,10,8,6,,,12,3
1211,FORMULA 1 AWS GRAN PREMIO DE ESPAÑA 2023,23,Alexander ALBON,20,19,19,,,18,16
1211,FORMULA 1 AWS GRAN PREMIO DE ESPAÑA 2023,27,Nico HULKENBERG,18,3,14,,,8,15
1211,FORMULA 1 AWS GRAN PREMIO DE ESPAÑA 2023,21,Nyck DE VRIES,4,16,12,,,14,14
1211,FORMULA 1 AWS GRAN PREMIO DE ESPAÑA 2023,24,ZHOU Guanyu,13,13,11,,,13,9
1211,FORMULA 1 AWS GRAN PREMIO DE ESPAÑA 2023,77,Valtteri BOTTAS,16,9,8,,,16,19
1211,FORMULA 1 AWS GRAN PREMIO DE ESPAÑA 2023,31,Esteban OCON,3,5,16,,,7,8
1211,FORMULA 1 AWS GRAN PREMIO DE ESPAÑA 2023,20,Kevin MAGNUSSEN,7,15,17,,,17,18
1211,FORMULA 1 AWS GRAN PREMIO DE ESPAÑA 2023,55,Carlos SAINZ,9,7,4,,,2,5
1211,FORMULA 1 AWS GRAN PREMIO DE ESPAÑA 2023,4,Lando NORRIS,11,14,10,,,3,17
1211,FORMULA 1 AWS GRAN PREMIO DE ESPAÑA 2023,2,Logan SARGEANT,19,20,20,,,20,20
1211,FORMULA 1 AWS GRAN PREMIO DE ESPAÑA 2023,81,Oscar PIASTRI,17,12,15,,,10,13
1211,FORMULA 1 AWS GRAN PREMIO DE ESPAÑA 2023,22,Yuki TSUNODA,14,17,9,,,15,12
1211,FORMULA 1 AWS GRAN PREMIO DE ESPAÑA 2023,11,Sergio PEREZ,2,4,2,,,11,4
1211,FORMULA 1 AWS GRAN PREMIO DE ESPAÑA 2023,44,Lewis HAMILTON,12,11,3,,,5,2
1211,FORMULA 1 AWS GRAN PREMIO DE ESPAÑA 2023,10,Pierre GASLY,5,10,18,,,4,10
1211,FORMULA 1 AWS GRAN PREMIO DE ESPAÑA 2023,18,Lance STROLL,15,18,13,,,6,6
1211,FORMULA 1 AWS GRAN PREMIO DE ESPAÑA 2023,1,Max VERSTAPPEN,1,1,1,,,1,1
1212,FORMULA 1 PIRELLI GRAND PRIX DU CANADA 2023,14,Fernando ALONSO,3,4,3,,,3,2
1212,FORMULA 1 PIRELLI GRAND PRIX DU CANADA 2023,16,Charles LECLERC,11,5,2,,,11,4
1212,FORMULA 1 PIRELLI GRAND PRIX DU CANADA 2023,63,George RUSSELL,20,2,15,,,5,19
1212,FORMULA 1 PIRELLI GRAND PRIX DU CANADA 2023,23,Alexander ALBON,16,17,14,,,10,7
1212,FORMULA 1 PIRELLI GRAND PRIX DU CANADA 2023,27,Nico HULKENBERG,8,20,11,,,2,15
1212,FORMULA 1 PIRELLI GRAND PRIX DU CANADA 2023,21,Nyck DE VRIES,12,16,16,,,18,18
1212,FORMULA 1 PIRELLI GRAND PRIX DU CANADA 2023,24,ZHOU Guanyu,9,14,18,,,20,16
1212,FORMULA 1 PIRELLI GRAND PRIX DU CANADA 2023,77,Valtteri BOTTAS,1,7,9,,,15,10
1212,FORMULA 1 PIRELLI GRAND PRIX DU CANADA 2023,31,Esteban OCON,18,18,19,,,6,8
1212,FORMULA 1 PIRELLI GRAND PRIX DU CANADA 2023,20,Kevin MAGNUSSEN,7,12,4,,,14,17
1212,FORMULA 1 PIRELLI GRAND PRIX DU CANADA 2023,55,Carlos SAINZ,10,3,5,,,8,5
1212,FORMULA 1 PIRELLI GRAND PRIX DU CANADA 2023,4,Lando NORRIS,14,13,13,,,7,13
1212,FORMULA 1 PIRELLI GRAND PRIX DU CANADA 2023,2,Logan SARGEANT,17,19,20,,,19,20
1212,FORMULA 1 PIRELLI GRAND PRIX DU CANADA 2023,81,Oscar PIASTRI,6,11,12,,,9,11
1212,FORMULA 1 PIRELLI GRAND PRIX DU CANADA 2023,22,Yuki TSUNODA,13,15,8,,,16,14
1212,FORMULA 1 PIRELLI GRAND PRIX DU CANADA 2023,11,Sergio PEREZ,4,8,17,,,12,6
1212,FORMULA 1 PIRELLI GRAND PRIX DU CANADA 2023,44,Lewis HAMILTON,19,1,10,,,4,3
1212,FORMULA 1 PIRELLI GRAND PRIX DU CANADA 2023,10,Pierre GASLY,15,10,6,,,17,12
1212,FORMULA 1 PIRELLI GRAND PRIX DU CANADA 2023,18,Lance STROLL,2,9,7,,,13,9
1212,FORMULA 1 PIRELLI GRAND PRIX DU CANADA 2023,1,Max VERSTAPPEN,5,6,1,,,1,1
1213,FORMULA 1 ROLEX GROSSER PREIS VON ÖSTERREICH 2023,14,Fernando ALONSO,,,,7,5,7,6
1213,FORMULA 1 ROLEX GROSSER PREIS VON ÖSTERREICH 2023,16,Charles LECLERC,,,,6,12,2,2
1213,FORMULA 1 ROLEX GROSSER PREIS VON ÖSTERREICH 2023,63,George RUSSELL,,,,15,8,11,8
1213,FORMULA 1 ROLEX GROSSER PREIS VON ÖSTERREICH 2023,23,Alexander ALBON,,,,11,13,10,11
1213,FORMULA 1 ROLEX GROSSER PREIS VON ÖSTERREICH 2023,27,Nico HULKENBERG,,,,4,6,8,20
1213,FORMULA 1 ROLEX GROSSER PREIS VON ÖSTERREICH 2023,21,Nyck DE VRIES,,,,14,17,20,15
1213,FORMULA 1 ROLEX GROSSER PREIS VON ÖSTERREICH 2023,24,ZHOU Guanyu,,,,16,19,17,14
1213,FORMULA 1 ROLEX GROSSER PREIS VON ÖSTERREICH 2023,77,Valtteri BOTTAS,,,,19,20,14,16
1213,FORMULA 1 ROLEX GROSSER PREIS VON ÖSTERREICH 2023,31,Esteban OCON,,,,9,7,12,12
1213,FORMULA 1 ROLEX GROSSER PREIS VON ÖSTERREICH 2023,20,Kevin MAGNUSSEN,,,,10,14,19,19
1213,FORMULA 1 ROLEX GROSSER PREIS VON ÖSTERREICH 2023,55,Carlos SAINZ,,,,5,3,3,4
1213,FORMULA 1 ROLEX GROSSER PREIS VON ÖSTERREICH 2023,4,Lando NORRIS,,,,3,9,4,5
1213,FORMULA 1 ROLEX GROSSER PREIS VON ÖSTERREICH 2023,2,Logan SARGEANT,,,,20,18,18,13
1213,FORMULA 1 ROLEX GROSSER PREIS VON ÖSTERREICH 2023,81,Oscar PIASTRI,,,,17,11,13,17
1213,FORMULA 1 ROLEX GROSSER PREIS VON ÖSTERREICH 2023,22,Yuki TSUNODA,,,,13,16,16,18
1213,FORMULA 1 ROLEX GROSSER PREIS VON ÖSTERREICH 2023,11,Sergio PEREZ,,,,2,2,15,3
1213,FORMULA 1 ROLEX GROSSER PREIS VON ÖSTERREICH 2023,44,Lewis HAMILTON,,,,18,10,5,7
1213,FORMULA 1 ROLEX GROSSER PREIS VON ÖSTERREICH 2023,10,Pierre GASLY,,,,12,15,9,9
1213,FORMULA 1 ROLEX GROSSER PREIS VON ÖSTERREICH 2023,18,Lance STROLL,,,,8,4,6,10
1213,FORMULA 1 ROLEX GROSSER PREIS VON ÖSTERREICH 2023,1,Max VERSTAPPEN,,,,1,1,1,1
1214,FORMULA 1 ARAMCO BRITISH GRAND PRIX 2023,14,Fernando ALONSO,4,10,3,,,9,7
1214,FORMULA 1 ARAMCO BRITISH GRAND PRIX 2023,16,Charles LECLERC,5,20,1,,,4,9
1214,FORMULA 1 ARAMCO BRITISH GRAND PRIX 2023,63,George RUSSELL,14,12,9,,,6,5
1214,FORMULA 1 ARAMCO BRITISH GRAND PRIX 2023,23,Alexander ALBON,3,3,2,,,8,8
1214,FORMULA 1 ARAMCO BRITISH GRAND PRIX 2023,27,Nico HULKENBERG,20,7,19,,,11,13
1214,FORMULA 1 ARAMCO BRITISH GRAND PRIX 2023,21,Nyck DE VRIES,11,19,11,,,19,17
1214,FORMULA 1 ARAMCO BRITISH GRAND PRIX 2023,24,ZHOU Guanyu,18,11,20,,,18,15
1214,FORMULA 1 ARAMCO BRITISH GRAND PRIX 2023,77,Valtteri BOTTAS,15,16,18,,,15,12
1214,FORMULA 1 ARAMCO BRITISH GRAND PRIX 2023,31,Esteban OCON,6,13,16,,,13,20
1214,FORMULA 1 ARAMCO BRITISH GRAND PRIX 2023,20,Kevin MAGNUSSEN,19,17,15,,,20,19
1214,FORMULA 1 ARAMCO BRITISH GRAND PRIX 2023,55,Carlos SAINZ,7,2,6,,,5,10
1214,FORMULA 1 ARAMCO BRITISH GRAND PRIX 2023,4,Lando NORRIS,8,14,12,,,2,2
1214,FORMULA 1 ARAMCO BRITISH GRAND PRIX 2023,2,Logan SARGEANT,17,5,7,,,14,11
1214,FORMULA 1 ARAMCO BRITISH GRAND PRIX 2023,81,Oscar PIASTRI,10,9,17,,,3,4
1214,FORMULA 1 ARAMCO BRITISH GRAND PRIX 2023,22,Yuki TSUNODA,16,18,10,,,17,16
1214,FORMULA 1 ARAMCO BRITISH GRAND PRIX 2023,11,Sergio PEREZ,2,4,14,,,16,6
1214,FORMULA 1 ARAMCO BRITISH GRAND PRIX 2023,44,Lewis HAMILTON,12,15,5,,,7,3
1214,FORMULA 1 ARAMCO BRITISH GRAND PRIX 2023,10,Pierre GASLY,13,8,4,,,10,18
1214,FORMULA 1 ARAMCO BRITISH GRAND PRIX 2023,18,Lance STROLL,9,6,13,,,12,14
1214,FORMULA 1 ARAMCO BRITISH GRAND PRIX 2023,1,Max VERSTAPPEN,1,1,8,,,1,1
1215,FORMULA 1 QATAR AIRWAYS HUNGARIAN GRAND PRIX 2023,5,Gabriel BORTOLETO,,,,,,,
1215,FORMULA 1 QATAR AIRWAYS HUNGARIAN GRAND PRIX 2023,26,Nikita BEDRIN,,,,,,,
1215,FORMULA 1 QATAR AIRWAYS HUNGARIAN GRAND PRIX 2023,14,Fernando ALONSO,5,8,9,,,8,9
1215,FORMULA 1 QATAR AIRWAYS HUNGARIAN GRAND PRIX 2023,21,Maxwell ESTERSON,,,,,,,
1215,FORMULA 1 QATAR AIRWAYS HUNGARIAN GRAND PRIX 2023,12,Jonny EDGAR,,,,,,,
1215,FORMULA 1 QATAR AIRWAYS HUNGARIAN GRAND PRIX 2023,16,Charles LECLERC,7,1,7,,,6,7
1215,FORMULA 1 QATAR AIRWAYS HUNGARIAN GRAND PRIX 2023,8,Gregoire SAUCY,,,,,,,
1215,FORMULA 1 QATAR AIRWAYS HUNGARIAN GRAND PRIX 2023,19,Tommy SMITH,,,,,,,
1215,FORMULA 1 QATAR AIRWAYS HUNGARIAN GRAND PRIX 2023,63,George RUSSELL,1,20,6,,,18,6
1215,FORMULA 1 QATAR AIRWAYS HUNGARIAN GRAND PRIX 2023,23,Alexander ALBON,13,13,13,,,16,11
1215,FORMULA 1 QATAR AIRWAYS HUNGARIAN GRAND PRIX 2023,27,Nico HULKENBERG,10,6,4,,,10,14
1215,FORMULA 1 QATAR AIRWAYS HUNGARIAN GRAND PRIX 2023,24,ZHOU Guanyu,8,9,12,,,5,16
1215,FORMULA 1 QATAR AIRWAYS HUNGARIAN GRAND PRIX 2023,28,Alejandro GARCIA,,,,,,,
1215,FORMULA 1 QATAR AIRWAYS HUNGARIAN GRAND PRIX 2023,77,Valtteri BOTTAS,6,7,10,,,7,12
1215,FORMULA 1 QATAR AIRWAYS HUNGARIAN GRAND PRIX 2023,3,Daniel RICCIARDO,14,14,18,,,13,13
1215,FORMULA 1 QATAR AIRWAYS HUNGARIAN GRAND PRIX 2023,25,Hugh BARTER,,,,,,,
1215,FORMULA 1 QATAR AIRWAYS HUNGARIAN GRAND PRIX 2023,31,Esteban OCON,17,5,19,,,12,19
1215,FORMULA 1 QATAR AIRWAYS HUNGARIAN GRAND PRIX 2023,20,Kevin MAGNUSSEN,11,15,15,,,19,17
1215,FORMULA 1 QATAR AIRWAYS HUNGARIAN GRAND PRIX 2023,55,Carlos SAINZ,15,10,8,,,11,8
1215,FORMULA 1 QATAR AIRWAYS HUNGARIAN GRAND PRIX 2023,17,Caio COLLET,,,,,,,
1215,FORMULA 1 QATAR AIRWAYS HUNGARIAN GRAND PRIX 2023,4,Lando NORRIS,4,2,5,,,3,2
1215,FORMULA 1 QATAR AIRWAYS HUNGARIAN GRAND PRIX 2023,7,Kaylen FREDERICK,,,,,,,
1215,FORMULA 1 QATAR AIRWAYS HUNGARIAN GRAND PRIX 2023,2,Logan SARGEANT,9,17,17,,,20,18
1215,FORMULA 1 QATAR AIRWAYS HUNGARIAN GRAND PRIX 2023,81,Oscar PIASTRI,2,19,14,,,4,5
1215,FORMULA 1 QATAR AIRWAYS HUNGARIAN GRAND PRIX 2023,22,Yuki TSUNODA,12,4,20,,,17,15
1215,FORMULA 1 QATAR AIRWAYS HUNGARIAN GRAND PRIX 2023,9,Nikola TSOLOV,,,,,,,
1215,FORMULA 1 QATAR AIRWAYS HUNGARIAN GRAND PRIX 2023,11,Sergio PEREZ,16,18,3,,,9,3
1215,FORMULA 1 QATAR AIRWAYS HUNGARIAN GRAND PRIX 2023,44,Lewis HAMILTON,20,16,1,,,1,4
1215,FORMULA 1 QATAR AIRWAYS HUNGARIAN GRAND PRIX 2023,30,Roberto FARIA,,,,,,,
1215,FORMULA 1 QATAR AIRWAYS HUNGARIAN GRAND PRIX 2023,1,Max VERSTAPPEN,19,11,2,,,2,1
1215,FORMULA 1 QATAR AIRWAYS HUNGARIAN GRAND PRIX 2023,10,Pierre GASLY,18,3,16,,,15,20
1215,FORMULA 1 QATAR AIRWAYS HUNGARIAN GRAND PRIX 2023,18,Lance STROLL,3,12,11,,,14,10
1215,FORMULA 1 QATAR AIRWAYS HUNGARIAN GRAND PRIX 2023,29,Sophia FLOERSCH,,,,,,,
1215,FORMULA 1 QATAR AIRWAYS HUNGARIAN GRAND PRIX 2023,15,Gabriele MINI,,,,,,,
1215,FORMULA 1 QATAR AIRWAYS HUNGARIAN GRAND PRIX 2023,6,Oliver GOETHE,,,,,,,
1216,FORMULA 1 MSC CRUISES BELGIAN GRAND PRIX 2023,14,Fernando ALONSO,11,,,15,20,9,5
1216,FORMULA 1 MSC CRUISES BELGIAN GRAND PRIX 2023,16,Charles LECLERC,4,,,4,5,2,3
1216,FORMULA 1 MSC CRUISES BELGIAN GRAND PRIX 2023,63,George RUSSELL,13,,,10,8,8,6
1216,FORMULA 1 MSC CRUISES BELGIAN GRAND PRIX 2023,23,Alexander ALBON,6,,,12,12,16,14
1216,FORMULA 1 MSC CRUISES BELGIAN GRAND PRIX 2023,27,Nico HULKENBERG,10,,,20,17,20,18
1216,FORMULA 1 MSC CRUISES BELGIAN GRAND PRIX 2023,24,ZHOU Guanyu,15,,,19,15,17,13
1216,FORMULA 1 MSC CRUISES BELGIAN GRAND PRIX 2023,77,Valtteri BOTTAS,14,,,17,13,14,12
1216,FORMULA 1 MSC CRUISES BELGIAN GRAND PRIX 2023,3,Daniel RICCIARDO,9,,,11,10,19,16
1216,FORMULA 1 MSC CRUISES BELGIAN GRAND PRIX 2023,31,Esteban OCON,19,,,9,9,15,8
1216,FORMULA 1 MSC CRUISES BELGIAN GRAND PRIX 2023,20,Kevin MAGNUSSEN,8,,,18,14,13,15
1216,FORMULA 1 MSC CRUISES BELGIAN GRAND PRIX 2023,55,Carlos SAINZ,1,,,3,4,5,19
1216,FORMULA 1 MSC CRUISES BELGIAN GRAND PRIX 2023,4,Lando NORRIS,3,,,5,6,7,7
1216,FORMULA 1 MSC CRUISES BELGIAN GRAND PRIX 2023,2,Logan SARGEANT,16,,,13,16,18,17
1216,FORMULA 1 MSC CRUISES BELGIAN GRAND PRIX 2023,81,Oscar PIASTRI,2,,,2,2,6,20
1216,FORMULA 1 MSC CRUISES BELGIAN GRAND PRIX 2023,22,Yuki TSUNODA,7,,,16,18,11,10
1216,FORMULA 1 MSC CRUISES BELGIAN GRAND PRIX 2023,11,Sergio PEREZ,5,,,8,19,3,2
1216,FORMULA 1 MSC CRUISES BELGIAN GRAND PRIX 2023,44,Lewis HAMILTON,12,,,7,7,4,4
1216,FORMULA 1 MSC CRUISES BELGIAN GRAND PRIX 2023,10,Pierre GASLY,18,,,6,3,12,11
1216,FORMULA 1 MSC CRUISES BELGIAN GRAND PRIX 2023,18,Lance STROLL,17,,,14,11,10,9
1216,FORMULA 1 MSC CRUISES BELGIAN GRAND PRIX 2023,1,Max VERSTAPPEN,20,,,1,1,1,1
1217,FORMULA 1 HEINEKEN DUTCH GRAND PRIX 2023,14,Fernando ALONSO,2,10,4,,,5,2
1217,FORMULA 1 HEINEKEN DUTCH GRAND PRIX 2023,40,Liam LAWSON,,,18,,,20,13
1217,FORMULA 1 HEINEKEN DUTCH GRAND PRIX 2023,16,Charles LECLERC,16,11,9,,,9,19
1217,FORMULA 1 HEINEKEN DUTCH GRAND PRIX 2023,63,George RUSSELL,11,14,2,,,3,17
1217,FORMULA 1 HEINEKEN DUTCH GRAND PRIX 2023,23,Alexander ALBON,5,3,6,,,4,8
1217,FORMULA 1 HEINEKEN DUTCH GRAND PRIX 2023,27,Nico HULKENBERG,18,18,15,,,15,12
1217,FORMULA 1 HEINEKEN DUTCH GRAND PRIX 2023,24,ZHOU Guanyu,17,15,19,,,16,18
1217,FORMULA 1 HEINEKEN DUTCH GRAND PRIX 2023,77,Valtteri BOTTAS,15,9,8,,,19,15
1217,FORMULA 1 HEINEKEN DUTCH GRAND PRIX 2023,3,Daniel RICCIARDO,13,20,,,,,
1217,FORMULA 1 HEINEKEN DUTCH GRAND PRIX 2023,31,Esteban OCON,10,13,16,,,17,10
1217,FORMULA 1 HEINEKEN DUTCH GRAND PRIX 2023,20,Kevin MAGNUSSEN,14,17,20,,,18,14
1217,FORMULA 1 HEINEKEN DUTCH GRAND PRIX 2023,55,Carlos SAINZ,,16,12,,,6,5
1217,FORMULA 1 HEINEKEN DUTCH GRAND PRIX 2023,39,Robert SHWARTZMAN,19,,,,,,
1217,FORMULA 1 HEINEKEN DUTCH GRAND PRIX 2023,4,Lando NORRIS,6,1,10,,,2,7
1217,FORMULA 1 HEINEKEN DUTCH GRAND PRIX 2023,2,Logan SARGEANT,7,12,14,,,10,20
1217,FORMULA 1 HEINEKEN DUTCH GRAND PRIX 2023,81,Oscar PIASTRI,8,19,7,,,8,9
1217,FORMULA 1 HEINEKEN DUTCH GRAND PRIX 2023,22,Yuki TSUNODA,9,5,13,,,14,16
1217,FORMULA 1 HEINEKEN DUTCH GRAND PRIX 2023,11,Sergio PEREZ,4,7,3,,,7,4
1217,FORMULA 1 HEINEKEN DUTCH GRAND PRIX 2023,44,Lewis HAMILTON,3,4,5,,,13,6
1217,FORMULA 1 HEINEKEN DUTCH GRAND PRIX 2023,10,Pierre GASLY,12,6,11,,,12,3
1217,FORMULA 1 HEINEKEN DUTCH GRAND PRIX 2023,18,Lance STROLL,20,8,17,,,11,11
1217,FORMULA 1 HEINEKEN DUTCH GRAND PRIX 2023,1,Max VERSTAPPEN,1,2,1,,,1,1
1218,FORMULA 1 PIRELLI GRAN PREMIO D’ITALIA 2023,14,Fernando ALONSO,6,8,5,,,10,9
1218,FORMULA 1 PIRELLI GRAN PREMIO D’ITALIA 2023,40,Liam LAWSON,13,18,12,,,12,11
1218,FORMULA 1 PIRELLI GRAN PREMIO D’ITALIA 2023,16,Charles LECLERC,4,6,4,,,3,4
1218,FORMULA 1 PIRELLI GRAN PREMIO D’ITALIA 2023,63,George RUSSELL,5,9,6,,,4,5
1218,FORMULA 1 PIRELLI GRAN PREMIO D’ITALIA 2023,23,Alexander ALBON,10,7,9,,,6,7
1218,FORMULA 1 PIRELLI GRAN PREMIO D’ITALIA 2023,27,Nico HULKENBERG,16,10,8,,,13,17
1218,FORMULA 1 PIRELLI GRAN PREMIO D’ITALIA 2023,24,ZHOU Guanyu,20,19,19,,,16,14
1218,FORMULA 1 PIRELLI GRAN PREMIO D’ITALIA 2023,77,Valtteri BOTTAS,15,12,16,,,14,10
1218,FORMULA 1 PIRELLI GRAN PREMIO D’ITALIA 2023,31,Esteban OCON,17,15,18,,,18,19
1218,FORMULA 1 PIRELLI GRAN PREMIO D’ITALIA 2023,20,Kevin MAGNUSSEN,19,11,7,,,19,18
1218,FORMULA 1 PIRELLI GRAN PREMIO D’ITALIA 2023,55,Carlos SAINZ,2,1,1,,,1,3
1218,FORMULA 1 PIRELLI GRAN PREMIO D’ITALIA 2023,4,Lando NORRIS,7,2,17,,,9,8
1218,FORMULA 1 PIRELLI GRAN PREMIO D’ITALIA 2023,34,Felipe DRUGOVICH,18,,,,,,
1218,FORMULA 1 PIRELLI GRAN PREMIO D’ITALIA 2023,2,Logan SARGEANT,12,16,15,,,15,13
1218,FORMULA 1 PIRELLI GRAN PREMIO D’ITALIA 2023,81,Oscar PIASTRI,11,4,14,,,7,12
1218,FORMULA 1 PIRELLI GRAN PREMIO D’ITALIA 2023,22,Yuki TSUNODA,9,14,13,,,11,20
1218,FORMULA 1 PIRELLI GRAN PREMIO D’ITALIA 2023,11,Sergio PEREZ,3,3,10,,,5,2
1218,FORMULA 1 PIRELLI GRAN PREMIO D’ITALIA 2023,44,Lewis HAMILTON,8,17,3,,,8,6
1218,FORMULA 1 PIRELLI GRAN PREMIO D’ITALIA 2023,10,Pierre GASLY,14,13,20,,,17,15
1218,FORMULA 1 PIRELLI GRAN PREMIO D’ITALIA 2023,18,Lance STROLL,,20,11,,,20,16
1218,FORMULA 1 PIRELLI GRAN PREMIO D’ITALIA 2023,1,Max VERSTAPPEN,1,5,2,,,2,1
1219,FORMULA 1 SINGAPORE AIRLINES SINGAPORE GRAND PRIX 2023,14,Fernando ALONSO,8,4,13,,,7,15
1219,FORMULA 1 SINGAPORE AIRLINES SINGAPORE GRAND PRIX 2023,40,Liam LAWSON,16,12,16,,,10,9
1219,FORMULA 1 SINGAPORE AIRLINES SINGAPORE GRAND PRIX 2023,16,Charles LECLERC,1,2,5,,,3,4
1219,FORMULA 1 SINGAPORE AIRLINES SINGAPORE GRAND PRIX 2023,63,George RUSSELL,6,3,2,,,2,16
1219,FORMULA 1 SINGAPORE AIRLINES SINGAPORE GRAND PRIX 2023,23,Alexander ALBON,13,20,17,,,14,11
1219,FORMULA 1 SINGAPORE AIRLINES SINGAPORE GRAND PRIX 2023,27,Nico HULKENBERG,17,11,9,,,9,13
1219,FORMULA 1 SINGAPORE AIRLINES SINGAPORE GRAND PRIX 2023,24,ZHOU Guanyu,18,17,19,,,19,12
1219,FORMULA 1 SINGAPORE AIRLINES SINGAPORE GRAND PRIX 2023,77,Valtteri BOTTAS,14,10,18,,,16,17
1219,FORMULA 1 SINGAPORE AIRLINES SINGAPORE GRAND PRIX 2023,31,Esteban OCON,10,13,12,,,8,18
1219,FORMULA 1 SINGAPORE AIRLINES SINGAPORE GRAND PRIX 2023,20,Kevin MAGNUSSEN,15,9,11,,,6,10
1219,FORMULA 1 SINGAPORE AIRLINES SINGAPORE GRAND PRIX 2023,55,Carlos SAINZ,2,1,1,,,1,1
1219,FORMULA 1 SINGAPORE AIRLINES SINGAPORE GRAND PRIX 2023,4,Lando NORRIS,4,6,3,,,4,2
1219,FORMULA 1 SINGAPORE AIRLINES SINGAPORE GRAND PRIX 2023,2,Logan SARGEANT,20,19,20,,,18,14
1219,FORMULA 1 SINGAPORE AIRLINES SINGAPORE GRAND PRIX 2023,81,Oscar PIASTRI,19,15,7,,,17,7
1219,FORMULA 1 SINGAPORE AIRLINES SINGAPORE GRAND PRIX 2023,22,Yuki TSUNODA,9,16,10,,,15,19
1219,FORMULA 1 SINGAPORE AIRLINES SINGAPORE GRAND PRIX 2023,11,Sergio PEREZ,7,7,8,,,13,8
1219,FORMULA 1 SINGAPORE AIRLINES SINGAPORE GRAND PRIX 2023,44,Lewis HAMILTON,5,5,6,,,5,3
1219,FORMULA 1 SINGAPORE AIRLINES SINGAPORE GRAND PRIX 2023,10,Pierre GASLY,12,18,15,,,12,6
1219,FORMULA 1 SINGAPORE AIRLINES SINGAPORE GRAND PRIX 2023,18,Lance STROLL,11,14,14,,,20,
1219,FORMULA 1 SINGAPORE AIRLINES SINGAPORE GRAND PRIX 2023,1,Max VERSTAPPEN,3,8,4,,,11,5
1220,FORMULA 1 LENOVO JAPANESE GRAND PRIX 2023,14,Fernando ALONSO,6,6,9,,,10,8
1220,FORMULA 1 LENOVO JAPANESE GRAND PRIX 2023,40,Liam LAWSON,9,15,17,,,11,11
1220,FORMULA 1 LENOVO JAPANESE GRAND PRIX 2023,16,Charles LECLERC,4,2,5,,,4,4
1220,FORMULA 1 LENOVO JAPANESE GRAND PRIX 2023,63,George RUSSELL,13,5,8,,,8,7
1220,FORMULA 1 LENOVO JAPANESE GRAND PRIX 2023,23,Alexander ALBON,8,7,18,,,13,16
1220,FORMULA 1 LENOVO JAPANESE GRAND PRIX 2023,27,Nico HULKENBERG,14,13,15,,,18,14
1220,FORMULA 1 LENOVO JAPANESE GRAND PRIX 2023,24,ZHOU Guanyu,20,16,10,,,19,13
1220,FORMULA 1 LENOVO JAPANESE GRAND PRIX 2023,77,Valtteri BOTTAS,17,10,11,,,16,20
1220,FORMULA 1 LENOVO JAPANESE GRAND PRIX 2023,31,Esteban OCON,15,12,13,,,14,9
1220,FORMULA 1 LENOVO JAPANESE GRAND PRIX 2023,20,Kevin MAGNUSSEN,18,17,12,,,15,15
1220,FORMULA 1 LENOVO JAPANESE GRAND PRIX 2023,55,Carlos SAINZ,2,4,6,,,6,6
1220,FORMULA 1 LENOVO JAPANESE GRAND PRIX 2023,4,Lando NORRIS,3,3,2,,,3,2
1220,FORMULA 1 LENOVO JAPANESE GRAND PRIX 2023,2,Logan SARGEANT,19,20,16,,,20,17
1220,FORMULA 1 LENOVO JAPANESE GRAND PRIX 2023,81,Oscar PIASTRI,7,8,3,,,2,3
1220,FORMULA 1 LENOVO JAPANESE GRAND PRIX 2023,22,Yuki TSUNODA,5,18,14,,,9,12
1220,FORMULA 1 LENOVO JAPANESE GRAND PRIX 2023,11,Sergio PEREZ,11,9,4,,,5,19
1220,FORMULA 1 LENOVO JAPANESE GRAND PRIX 2023,44,Lewis HAMILTON,16,14,7,,,7,5
1220,FORMULA 1 LENOVO JAPANESE GRAND PRIX 2023,10,Pierre GASLY,12,19,20,,,12,10
1220,FORMULA 1 LENOVO JAPANESE GRAND PRIX 2023,18,Lance STROLL,10,11,19,,,17,18
1220,FORMULA 1 LENOVO JAPANESE GRAND PRIX 2023,1,Max VERSTAPPEN,1,1,1,,,1,1
1221,FORMULA 1 QATAR AIRWAYS QATAR GRAND PRIX 2023,14,Fernando ALONSO,2,,,9,9,5,6
1221,FORMULA 1 QATAR AIRWAYS QATAR GRAND PRIX 2023,40,Liam LAWSON,18,,,14,20,18,17
1221,FORMULA 1 QATAR AIRWAYS QATAR GRAND PRIX 2023,16,Charles LECLERC,7,,,6,7,6,5
1221,FORMULA 1 QATAR AIRWAYS QATAR GRAND PRIX 2023,63,George RUSSELL,12,,,4,4,2,4
1221,FORMULA 1 QATAR AIRWAYS QATAR GRAND PRIX 2023,23,Alexander ALBON,15,,,17,8,14,13
1221,FORMULA 1 QATAR AIRWAYS QATAR GRAND PRIX 2023,27,Nico HULKENBERG,10,,,7,16,15,16
1221,FORMULA 1 QATAR AIRWAYS QATAR GRAND PRIX 2023,24,ZHOU Guanyu,20,,,15,15,20,9
1221,FORMULA 1 QATAR AIRWAYS QATAR GRAND PRIX 2023,77,Valtteri BOTTAS,5,,,13,11,9,8
1221,FORMULA 1 QATAR AIRWAYS QATAR GRAND PRIX 2023,31,Esteban OCON,9,,,10,17,8,7
1221,FORMULA 1 QATAR AIRWAYS QATAR GRAND PRIX 2023,20,Kevin MAGNUSSEN,19,,,19,14,19,14
1221,FORMULA 1 QATAR AIRWAYS QATAR GRAND PRIX 2023,55,Carlos SAINZ,4,,,5,6,12,20
1221,FORMULA 1 QATAR AIRWAYS QATAR GRAND PRIX 2023,4,Lando NORRIS,1,,,2,3,10,3
1221,FORMULA 1 QATAR AIRWAYS QATAR GRAND PRIX 2023,2,Logan SARGEANT,16,,,20,19,16,18
1221,FORMULA 1 QATAR AIRWAYS QATAR GRAND PRIX 2023,81,Oscar PIASTRI,3,,,1,1,3,2
1221,FORMULA 1 QATAR AIRWAYS QATAR GRAND PRIX 2023,22,Yuki TSUNODA,11,,,18,12,11,15
1221,FORMULA 1 QATAR AIRWAYS QATAR GRAND PRIX 2023,11,Sergio PEREZ,13,,,8,18,13,10
1221,FORMULA 1 QATAR AIRWAYS QATAR GRAND PRIX 2023,44,Lewis HAMILTON,14,,,12,5,4,19
1221,FORMULA 1 QATAR AIRWAYS QATAR GRAND PRIX 2023,10,Pierre GASLY,8,,,11,10,7,12
1221,FORMULA 1 QATAR AIRWAYS QATAR GRAND PRIX 2023,18,Lance STROLL,17,,,16,13,17,11
1221,FORMULA 1 QATAR AIRWAYS QATAR GRAND PRIX 2023,1,Max VERSTAPPEN,6,,,3,2,1,1
1222,FORMULA 1 LENOVO UNITED STATES GRAND PRIX 2023,14,Fernando ALONSO,18,,,12,13,17,18
1222,FORMULA 1 LENOVO UNITED STATES GRAND PRIX 2023,16,Charles LECLERC,2,,,2,3,1,6
1222,FORMULA 1 LENOVO UNITED STATES GRAND PRIX 2023,63,George RUSSELL,6,,,8,8,5,7
1222,FORMULA 1 LENOVO UNITED STATES GRAND PRIX 2023,23,Alexander ALBON,7,,,9,9,18,11
1222,FORMULA 1 LENOVO UNITED STATES GRAND PRIX 2023,27,Nico HULKENBERG,9,,,16,15,16,13
1222,FORMULA 1 LENOVO UNITED STATES GRAND PRIX 2023,24,ZHOU Guanyu,16,,,15,17,12,15
1222,FORMULA 1 LENOVO UNITED STATES GRAND PRIX 2023,77,Valtteri BOTTAS,17,,,18,16,13,14
1222,FORMULA 1 LENOVO UNITED STATES GRAND PRIX 2023,3,Daniel RICCIARDO,14,,,11,12,15,17
1222,FORMULA 1 LENOVO UNITED STATES GRAND PRIX 2023,31,Esteban OCON,12,,,13,11,8,20
1222,FORMULA 1 LENOVO UNITED STATES GRAND PRIX 2023,20,Kevin MAGNUSSEN,5,,,17,18,14,16
1222,FORMULA 1 LENOVO UNITED STATES GRAND PRIX 2023,55,Carlos SAINZ,8,,,6,6,4,4
1222,FORMULA 1 LENOVO UNITED STATES GRAND PRIX 2023,4,Lando NORRIS,15,,,4,4,2,3
1222,FORMULA 1 LENOVO UNITED STATES GRAND PRIX 2023,2,Logan SARGEANT,11,,,20,19,20,12
1222,FORMULA 1 LENOVO UNITED STATES GRAND PRIX 2023,81,Oscar PIASTRI,19,,,5,10,10,19
1222,FORMULA 1 LENOVO UNITED STATES GRAND PRIX 2023,22,Yuki TSUNODA,13,,,19,14,11,10
1222,FORMULA 1 LENOVO UNITED STATES GRAND PRIX 2023,11,Sergio PEREZ,4,,,7,5,9,5
1222,FORMULA 1 LENOVO UNITED STATES GRAND PRIX 2023,44,Lewis HAMILTON,3,,,3,2,3,2
1222,FORMULA 1 LENOVO UNITED STATES GRAND PRIX 2023,10,Pierre GASLY,10,,,10,7,7,8
1222,FORMULA 1 LENOVO UNITED STATES GRAND PRIX 2023,18,Lance STROLL,20,,,14,20,19,9
1222,FORMULA 1 LENOVO UNITED STATES GRAND PRIX 2023,1,Max VERSTAPPEN,1,,,1,1,6,1
1223,FORMULA 1 GRAN PREMIO DE LA CIUDAD DE MÉXICO 2023,42,Frederik VESTI,19,,,,,,
1223,FORMULA 1 GRAN PREMIO DE LA CIUDAD DE MÉXICO 2023,14,Fernando ALONSO,16,20,17,,,13,18
1223,FORMULA 1 GRAN PREMIO DE LA CIUDAD DE MÉXICO 2023,16,Charles LECLERC,5,3,13,,,1,3
1223,FORMULA 1 GRAN PREMIO DE LA CIUDAD DE MÉXICO 2023,63,George RUSSELL,,10,4,,,8,6
1223,FORMULA 1 GRAN PREMIO DE LA CIUDAD DE MÉXICO 2023,23,Alexander ALBON,2,14,2,,,14,9
1223,FORMULA 1 GRAN PREMIO DE LA CIUDAD DE MÉXICO 2023,27,Nico HULKENBERG,12,15,16,,,12,13
1223,FORMULA 1 GRAN PREMIO DE LA CIUDAD DE MÉXICO 2023,24,ZHOU Guanyu,13,13,12,,,10,15
1223,FORMULA 1 GRAN PREMIO DE LA CIUDAD DE MÉXICO 2023,77,Valtteri BOTTAS,,4,6,,,9,14
1223,FORMULA 1 GRAN PREMIO DE LA CIUDAD DE MÉXICO 2023,3,Daniel RICCIARDO,8,6,9,,,4,7
1223,FORMULA 1 GRAN PREMIO DE LA CIUDAD DE MÉXICO 2023,31,Esteban OCON,9,8,20,,,16,10
1223,FORMULA 1 GRAN PREMIO DE LA CIUDAD DE MÉXICO 2023,20,Kevin MAGNUSSEN,,19,19,,,17,19
1223,FORMULA 1 GRAN PREMIO DE LA CIUDAD DE MÉXICO 2023,55,Carlos SAINZ,7,11,15,,,2,4
1223,FORMULA 1 GRAN PREMIO DE LA CIUDAD DE MÉXICO 2023,61,Jack DOOHAN,18,,,,,,
1223,FORMULA 1 GRAN PREMIO DE LA CIUDAD DE MÉXICO 2023,4,Lando NORRIS,4,2,8,,,19,5
1223,FORMULA 1 GRAN PREMIO DE LA CIUDAD DE MÉXICO 2023,41,Isack HADJAR,17,,,,,,
1223,FORMULA 1 GRAN PREMIO DE LA CIUDAD DE MÉXICO 2023,2,Logan SARGEANT,14,17,11,,,20,16
1223,FORMULA 1 GRAN PREMIO DE LA CIUDAD DE MÉXICO 2023,81,Oscar PIASTRI,6,9,5,,,7,8
1223,FORMULA 1 GRAN PREMIO DE LA CIUDAD DE MÉXICO 2023,22,Yuki TSUNODA,,12,7,,,15,12
1223,FORMULA 1 GRAN PREMIO DE LA CIUDAD DE MÉXICO 2023,11,Sergio PEREZ,3,5,3,,,5,20
1223,FORMULA 1 GRAN PREMIO DE LA CIUDAD DE MÉXICO 2023,44,Lewis HAMILTON,11,7,10,,,6,2
1223,FORMULA 1 GRAN PREMIO DE LA CIUDAD DE MÉXICO 2023,98,Theo POURCHAIRE,20,,,,,,
1223,FORMULA 1 GRAN PREMIO DE LA CIUDAD DE MÉXICO 2023,10,Pierre GASLY,,16,18,,,11,11
1223,FORMULA 1 GRAN PREMIO DE LA CIUDAD DE MÉXICO 2023,50,Oliver BEARMAN,15,,,,,,
1223,FORMULA 1 GRAN PREMIO DE LA CIUDAD DE MÉXICO 2023,18,Lance STROLL,10,18,14,,,18,17
1223,FORMULA 1 GRAN PREMIO DE LA CIUDAD DE MÉXICO 2023,1,Max VERSTAPPEN,1,1,1,,,3,1
1224,FORMULA 1 ROLEX GRANDE PRÊMIO DE SÃO PAULO 2023,14,Fernando ALONSO,11,,,15,11,4,3
1224,FORMULA 1 ROLEX GRANDE PRÊMIO DE SÃO PAULO 2023,16,Charles LECLERC,2,,,7,5,2,18
1224,FORMULA 1 ROLEX GRANDE PRÊMIO DE SÃO PAULO 2023,63,George RUSSELL,3,,,4,4,6,15
1224,FORMULA 1 ROLEX GRANDE PRÊMIO DE SÃO PAULO 2023,23,Alexander ALBON,5,,,19,15,15,20
1224,FORMULA 1 ROLEX GRANDE PRÊMIO DE SÃO PAULO 2023,27,Nico HULKENBERG,4,,,12,18,11,12
1224,FORMULA 1 ROLEX GRANDE PRÊMIO DE SÃO PAULO 2023,24,ZHOU Guanyu,8,,,18,17,20,17
1224,FORMULA 1 ROLEX GRANDE PRÊMIO DE SÃO PAULO 2023,77,Valtteri BOTTAS,17,,,14,19,18,16
1224,FORMULA 1 ROLEX GRANDE PRÊMIO DE SÃO PAULO 2023,3,Daniel RICCIARDO,14,,,8,9,17,13
1224,FORMULA 1 ROLEX GRANDE PRÊMIO DE SÃO PAULO 2023,31,Esteban OCON,15,,,16,14,12,10
1224,FORMULA 1 ROLEX GRANDE PRÊMIO DE SÃO PAULO 2023,20,Kevin MAGNUSSEN,10,,,11,16,14,19
1224,FORMULA 1 ROLEX GRANDE PRÊMIO DE SÃO PAULO 2023,55,Carlos SAINZ,1,,,9,8,8,6
1224,FORMULA 1 ROLEX GRANDE PRÊMIO DE SÃO PAULO 2023,4,Lando NORRIS,19,,,1,2,7,2
1224,FORMULA 1 ROLEX GRANDE PRÊMIO DE SÃO PAULO 2023,2,Logan SARGEANT,9,,,20,20,19,11
1224,FORMULA 1 ROLEX GRANDE PRÊMIO DE SÃO PAULO 2023,81,Oscar PIASTRI,20,,,10,10,10,14
1224,FORMULA 1 ROLEX GRANDE PRÊMIO DE SÃO PAULO 2023,22,Yuki TSUNODA,13,,,6,6,16,9
1224,FORMULA 1 ROLEX GRANDE PRÊMIO DE SÃO PAULO 2023,11,Sergio PEREZ,18,,,3,3,9,4
1224,FORMULA 1 ROLEX GRANDE PRÊMIO DE SÃO PAULO 2023,44,Lewis HAMILTON,12,,,5,7,5,8
1224,FORMULA 1 ROLEX GRANDE PRÊMIO DE SÃO PAULO 2023,10,Pierre GASLY,7,,,13,13,13,7
1224,FORMULA 1 ROLEX GRANDE PRÊMIO DE SÃO PAULO 2023,18,Lance STROLL,6,,,17,12,3,5
1224,FORMULA 1 ROLEX GRANDE PRÊMIO DE SÃO PAULO 2023,1,Max VERSTAPPEN,16,,,2,1,1,1
1225,FORMULA 1 HEINEKEN SILVER LAS VEGAS GRAND PRIX 2023,14,Fernando ALONSO,19,3,7,,,10,9
1225,FORMULA 1 HEINEKEN SILVER LAS VEGAS GRAND PRIX 2023,16,Charles LECLERC,1,1,16,,,1,2
1225,FORMULA 1 HEINEKEN SILVER LAS VEGAS GRAND PRIX 2023,63,George RUSSELL,6,12,1,,,4,8
1225,FORMULA 1 HEINEKEN SILVER LAS VEGAS GRAND PRIX 2023,23,Alexander ALBON,18,10,6,,,6,12
1225,FORMULA 1 HEINEKEN SILVER LAS VEGAS GRAND PRIX 2023,27,Nico HULKENBERG,2,7,12,,,13,19
1225,FORMULA 1 HEINEKEN SILVER LAS VEGAS GRAND PRIX 2023,24,ZHOU Guanyu,14,18,15,,,18,15
1225,FORMULA 1 HEINEKEN SILVER LAS VEGAS GRAND PRIX 2023,77,Valtteri BOTTAS,10,5,9,,,8,17
1225,FORMULA 1 HEINEKEN SILVER LAS VEGAS GRAND PRIX 2023,3,Daniel RICCIARDO,13,19,20,,,15,14
1225,FORMULA 1 HEINEKEN SILVER LAS VEGAS GRAND PRIX 2023,31,Esteban OCON,5,16,14,,,17,4
1225,FORMULA 1 HEINEKEN SILVER LAS VEGAS GRAND PRIX 2023,20,Kevin MAGNUSSEN,3,13,10,,,9,13
1225,FORMULA 1 HEINEKEN SILVER LAS VEGAS GRAND PRIX 2023,55,Carlos SAINZ,7,2,17,,,2,6
1225,FORMULA 1 HEINEKEN SILVER LAS VEGAS GRAND PRIX 2023,4,Lando NORRIS,15,11,11,,,16,20
1225,FORMULA 1 HEINEKEN SILVER LAS VEGAS GRAND PRIX 2023,2,Logan SARGEANT,20,20,3,,,7,16
1225,FORMULA 1 HEINEKEN SILVER LAS VEGAS GRAND PRIX 2023,81,Oscar PIASTRI,17,14,2,,,19,10
1225,FORMULA 1 HEINEKEN SILVER LAS VEGAS GRAND PRIX 2023,22,Yuki TSUNODA,8,17,18,,,20,18
1225,FORMULA 1 HEINEKEN SILVER LAS VEGAS GRAND PRIX 2023,11,Sergio PEREZ,9,4,5,,,12,3
1225,FORMULA 1 HEINEKEN SILVER LAS VEGAS GRAND PRIX 2023,44,Lewis HAMILTON,12,9,8,,,11,7
1225,FORMULA 1 HEINEKEN SILVER LAS VEGAS GRAND PRIX 2023,10,Pierre GASLY,11,15,19,,,5,11
1225,FORMULA 1 HEINEKEN SILVER LAS VEGAS GRAND PRIX 2023,18,Lance STROLL,16,8,13,,,14,5
1225,FORMULA 1 HEINEKEN SILVER LAS VEGAS GRAND PRIX 2023,1,Max VERSTAPPEN,4,6,4,,,3,1
1226,FORMULA 1 ETIHAD AIRWAYS ABU DHABI GRAND PRIX 2023,42,Frederik VESTI,12,,,,,,
1226,FORMULA 1 ETIHAD AIRWAYS ABU DHABI GRAND PRIX 2023,14,Fernando ALONSO,,11,14,,,7,7
1226,FORMULA 1 ETIHAD AIRWAYS ABU DHABI GRAND PRIX 2023,16,Charles LECLERC,,1,5,,,2,2
1226,FORMULA 1 ETIHAD AIRWAYS ABU DHABI GRAND PRIX 2023,63,George RUSSELL,1,6,1,,,4,3
1226,FORMULA 1 ETIHAD AIRWAYS ABU DHABI GRAND PRIX 2023,23,Alexander ALBON,,16,4,,,14,14
1226,FORMULA 1 ETIHAD AIRWAYS ABU DHABI GRAND PRIX 2023,27,Nico HULKENBERG,,20,17,,,8,15
1226,FORMULA 1 ETIHAD AIRWAYS ABU DHABI GRAND PRIX 2023,24,ZHOU Guanyu,,7,10,,,19,17
1226,FORMULA 1 ETIHAD AIRWAYS ABU DHABI GRAND PRIX 2023,77,Valtteri BOTTAS,4,4,16,,,18,19
1226,FORMULA 1 ETIHAD AIRWAYS ABU DHABI GRAND PRIX 2023,3,Daniel RICCIARDO,3,12,18,,,15,11
1226,FORMULA 1 ETIHAD AIRWAYS ABU DHABI GRAND PRIX 2023,31,Esteban OCON,,14,7,,,12,12
1226,FORMULA 1 ETIHAD AIRWAYS ABU DHABI GRAND PRIX 2023,20,Kevin MAGNUSSEN,19,17,19,,,17,20
1226,FORMULA 1 ETIHAD AIRWAYS ABU DHABI GRAND PRIX 2023,55,Carlos SAINZ,7,19,20,,,16,18
1226,FORMULA 1 ETIHAD AIRWAYS ABU DHABI GRAND PRIX 2023,39,Robert SHWARTZMAN,8,,,,,,
1226,FORMULA 1 ETIHAD AIRWAYS ABU DHABI GRAND PRIX 2023,61,Jack DOOHAN,13,,,,,,
1226,FORMULA 1 ETIHAD AIRWAYS ABU DHABI GRAND PRIX 2023,37,Isack HADJAR,17,,,,,,
1226,FORMULA 1 ETIHAD AIRWAYS ABU DHABI GRAND PRIX 2023,4,Lando NORRIS,,2,2,,,5,5
1226,FORMULA 1 ETIHAD AIRWAYS ABU DHABI GRAND PRIX 2023,36,Jake DENNIS,16,,,,,,
1226,FORMULA 1 ETIHAD AIRWAYS ABU DHABI GRAND PRIX 2023,34,Felipe DRUGOVICH,2,,,,,,
1226,FORMULA 1 ETIHAD AIRWAYS ABU DHABI GRAND PRIX 2023,2,Logan SARGEANT,11,18,8,,,20,16
1226,FORMULA 1 ETIHAD AIRWAYS ABU DHABI GRAND PRIX 2023,81,Oscar PIASTRI,6,10,3,,,3,6
1226,FORMULA 1 ETIHAD AIRWAYS ABU DHABI GRAND PRIX 2023,22,Yuki TSUNODA,10,15,9,,,6,8
1226,FORMULA 1 ETIHAD AIRWAYS ABU DHABI GRAND PRIX 2023,11,Sergio PEREZ,,5,11,,,9,4
1226,FORMULA 1 ETIHAD AIRWAYS ABU DHABI GRAND PRIX 2023,29,Patricio O'WARD,15,,,,,,
1226,FORMULA 1 ETIHAD AIRWAYS ABU DHABI GRAND PRIX 2023,98,Theo POURCHAIRE,14,,,,,,
1226,FORMULA 1 ETIHAD AIRWAYS ABU DHABI GRAND PRIX 2023,44,Lewis HAMILTON,,8,12,,,11,9
1226,FORMULA 1 ETIHAD AIRWAYS ABU DHABI GRAND PRIX 2023,10,Pierre GASLY,9,9,13,,,10,13
1226,FORMULA 1 ETIHAD AIRWAYS ABU DHABI GRAND PRIX 2023,50,Oliver BEARMAN,20,,,,,,
1226,FORMULA 1 ETIHAD AIRWAYS ABU DHABI GRAND PRIX 2023,18,Lance STROLL,5,13,15,,,13,10
1226,FORMULA 1 ETIHAD AIRWAYS ABU DHABI GRAND PRIX 2023,45,Zak O'SULLIVAN,18,,,,,,
1226,FORMULA 1 ETIHAD AIRWAYS ABU DHABI GRAND PRIX 2023,1,Max VERSTAPPEN,,3,6,,,1,1
1229,FORMULA 1 GULF AIR BAHRAIN GRAND PRIX 2024,14,Fernando ALONSO,5,2,2,,,6,9
1229,FORMULA 1 GULF AIR BAHRAIN GRAND PRIX 2024,16,Charles LECLERC,8,4,4,,,2,4
1229,FORMULA 1 GULF AIR BAHRAIN GRAND PRIX 2024,63,George RUSSELL,7,6,6,,,3,5
1229,FORMULA 1 GULF AIR BAHRAIN GRAND PRIX 2024,23,Alexander ALBON,13,14,15,,,13,15
1229,FORMULA 1 GULF AIR BAHRAIN GRAND PRIX 2024,27,Nico HULKENBERG,20,9,9,,,10,16
1229,FORMULA 1 GULF AIR BAHRAIN GRAND PRIX 2024,24,ZHOU Guanyu,15,15,16,,,17,11
1229,FORMULA 1 GULF AIR BAHRAIN GRAND PRIX 2024,77,Valtteri BOTTAS,10,16,17,,,16,19
1229,FORMULA 1 GULF AIR BAHRAIN GRAND PRIX 2024,3,Daniel RICCIARDO,1,11,11,,,14,13
1229,FORMULA 1 GULF AIR BAHRAIN GRAND PRIX 2024,31,Esteban OCON,17,20,18,,,19,17
1229,FORMULA 1 GULF AIR BAHRAIN GRAND PRIX 2024,20,Kevin MAGNUSSEN,19,19,14,,,15,12
1229,FORMULA 1 GULF AIR BAHRAIN GRAND PRIX 2024,55,Carlos SAINZ,11,1,1,,,4,3
1229,FORMULA 1 GULF AIR BAHRAIN GRAND PRIX 2024,4,Lando NORRIS,2,5,5,,,7,6
1229,FORMULA 1 GULF AIR BAHRAIN GRAND PRIX 2024,2,Logan SARGEANT,16,17,19,,,18,20
1229,FORMULA 1 GULF AIR BAHRAIN GRAND PRIX 2024,81,Oscar PIASTRI,3,7,7,,,8,8
1229,FORMULA 1 GULF AIR BAHRAIN GRAND PRIX 2024,22,Yuki TSUNODA,4,13,13,,,11,14
1229,FORMULA 1 GULF AIR BAHRAIN GRAND PRIX 2024,11,Sergio PEREZ,12,8,8,,,5,2
1229,FORMULA 1 GULF AIR BAHRAIN GRAND PRIX 2024,44,Lewis HAMILTON,9,12,12,,,9,7
1229,FORMULA 1 GULF AIR BAHRAIN GRAND PRIX 2024,10,Pierre GASLY,18,18,20,,,20,18
1229,FORMULA 1 GULF AIR BAHRAIN GRAND PRIX 2024,18,Lance STROLL,14,10,10,,,12,10
1229,FORMULA 1 GULF AIR BAHRAIN GRAND PRIX 2024,1,Max VERSTAPPEN,6,3,3,,,1,1
1230,FORMULA 1 STC SAUDI ARABIAN GRAND PRIX 2024,14,Fernando ALONSO,1,1,6,,,4,5
1230,FORMULA 1 STC SAUDI ARABIAN GRAND PRIX 2024,16,Charles LECLERC,4,4,2,,,2,3
1230,FORMULA 1 STC SAUDI ARABIAN GRAND PRIX 2024,63,George RUSSELL,2,2,4,,,7,6
1230,FORMULA 1 STC SAUDI ARABIAN GRAND PRIX 2024,38,Oliver BEARMAN,,,10,,,11,7
1230,FORMULA 1 STC SAUDI ARABIAN GRAND PRIX 2024,23,Alexander ALBON,13,14,17,,,12,11
1230,FORMULA 1 STC SAUDI ARABIAN GRAND PRIX 2024,27,Nico HULKENBERG,17,18,15,,,15,10
1230,FORMULA 1 STC SAUDI ARABIAN GRAND PRIX 2024,24,ZHOU Guanyu,12,13,19,,,20,18
1230,FORMULA 1 STC SAUDI ARABIAN GRAND PRIX 2024,77,Valtteri BOTTAS,18,20,18,,,16,17
1230,FORMULA 1 STC SAUDI ARABIAN GRAND PRIX 2024,3,Daniel RICCIARDO,19,19,16,,,14,16
1230,FORMULA 1 STC SAUDI ARABIAN GRAND PRIX 2024,31,Esteban OCON,14,15,14,,,17,13
1230,FORMULA 1 STC SAUDI ARABIAN GRAND PRIX 2024,20,Kevin MAGNUSSEN,16,17,11,,,13,12
1230,FORMULA 1 STC SAUDI ARABIAN GRAND PRIX 2024,55,Carlos SAINZ,7,7,,,,,
1230,FORMULA 1 STC SAUDI ARABIAN GRAND PRIX 2024,4,Lando NORRIS,10,12,5,,,6,8
1230,FORMULA 1 STC SAUDI ARABIAN GRAND PRIX 2024,2,Logan SARGEANT,15,16,20,,,19,15
1230,FORMULA 1 STC SAUDI ARABIAN GRAND PRIX 2024,81,Oscar PIASTRI,10,10,8,,,5,4
1230,FORMULA 1 STC SAUDI ARABIAN GRAND PRIX 2024,22,Yuki TSUNODA,9,11,13,,,9,14
1230,FORMULA 1 STC SAUDI ARABIAN GRAND PRIX 2024,11,Sergio PEREZ,5,5,3,,,3,2
1230,FORMULA 1 STC SAUDI ARABIAN GRAND PRIX 2024,44,Lewis HAMILTON,8,8,9,,,8,9
1230,FORMULA 1 STC SAUDI ARABIAN GRAND PRIX 2024,10,Pierre GASLY,9,9,12,,,18,20
1230,FORMULA 1 STC SAUDI ARABIAN GRAND PRIX 2024,18,Lance STROLL,6,6,7,,,10,19
1230,FORMULA 1 STC SAUDI ARABIAN GRAND PRIX 2024,1,Max VERSTAPPEN,3,3,1,,,1,1
1231,FORMULA 1 ROLEX AUSTRALIAN GRAND PRIX 2024,14,Fernando ALONSO,5,5,6,,,10,6
1231,FORMULA 1 ROLEX AUSTRALIAN GRAND PRIX 2024,16,Charles LECLERC,1,1,1,,,5,2
1231,FORMULA 1 ROLEX AUSTRALIAN GRAND PRIX 2024,63,George RUSSELL,6,6,5,,,7,17
1231,FORMULA 1 ROLEX AUSTRALIAN GRAND PRIX 2024,23,Alexander ALBON,20,20,13,,,12,11
1231,FORMULA 1 ROLEX AUSTRALIAN GRAND PRIX 2024,27,Nico HULKENBERG,16,16,16,,,16,9
1231,FORMULA 1 ROLEX AUSTRALIAN GRAND PRIX 2024,24,ZHOU Guanyu,11,11,14,,,19,15
1231,FORMULA 1 ROLEX AUSTRALIAN GRAND PRIX 2024,77,Valtteri BOTTAS,14,14,12,,,13,14
1231,FORMULA 1 ROLEX AUSTRALIAN GRAND PRIX 2024,3,Daniel RICCIARDO,12,12,18,,,18,12
1231,FORMULA 1 ROLEX AUSTRALIAN GRAND PRIX 2024,31,Esteban OCON,17,17,15,,,15,16
1231,FORMULA 1 ROLEX AUSTRALIAN GRAND PRIX 2024,20,Kevin MAGNUSSEN,19,19,17,,,14,10
1231,FORMULA 1 ROLEX AUSTRALIAN GRAND PRIX 2024,55,Carlos SAINZ,3,3,3,,,2,1
1231,FORMULA 1 ROLEX AUSTRALIAN GRAND PRIX 2024,4,Lando NORRIS,9,9,10,,,4,3
1231,FORMULA 1 ROLEX AUSTRALIAN GRAND PRIX 2024,2,Logan SARGEANT,13,13,,,,,
1231,FORMULA 1 ROLEX AUSTRALIAN GRAND PRIX 2024,81,Oscar PIASTRI,7,7,8,,,6,4
1231,FORMULA 1 ROLEX AUSTRALIAN GRAND PRIX 2024,22,Yuki TSUNODA,10,10,11,,,8,8
1231,FORMULA 1 ROLEX AUSTRALIAN GRAND PRIX 2024,11,Sergio PEREZ,8,8,7,,,3,5
1231,FORMULA 1 ROLEX AUSTRALIAN GRAND PRIX 2024,44,Lewis HAMILTON,18,18,4,,,11,18
1231,FORMULA 1 ROLEX AUSTRALIAN GRAND PRIX 2024,10,Pierre GASLY,15,15,19,,,17,13
1231,FORMULA 1 ROLEX AUSTRALIAN GRAND PRIX 2024,18,Lance STROLL,4,4,9,,,9,7
1231,FORMULA 1 ROLEX AUSTRALIAN GRAND PRIX 2024,1,Max VERSTAPPEN,2,2,2,,,1,19
1232,FORMULA 1 MSC CRUISES JAPANESE GRAND PRIX 2024,14,Fernando ALONSO,7,18,5,,,5,6
1232,FORMULA 1 MSC CRUISES JAPANESE GRAND PRIX 2024,16,Charles LECLERC,6,3,10,,,8,4
1232,FORMULA 1 MSC CRUISES JAPANESE GRAND PRIX 2024,63,George RUSSELL,4,20,3,,,9,7
1232,FORMULA 1 MSC CRUISES JAPANESE GRAND PRIX 2024,23,Alexander ALBON,12,12,11,,,14,20
1232,FORMULA 1 MSC CRUISES JAPANESE GRAND PRIX 2024,27,Nico HULKENBERG,13,13,16,,,12,11
1232,FORMULA 1 MSC CRUISES JAPANESE GRAND PRIX 2024,24,ZHOU Guanyu,18,10,15,,,20,18
1232,FORMULA 1 MSC CRUISES JAPANESE GRAND PRIX 2024,77,Valtteri BOTTAS,14,11,12,,,13,14
1232,FORMULA 1 MSC CRUISES JAPANESE GRAND PRIX 2024,3,Daniel RICCIARDO,,5,13,,,11,19
1232,FORMULA 1 MSC CRUISES JAPANESE GRAND PRIX 2024,40,Ayumu IWASA,16,,,,,,
1232,FORMULA 1 MSC CRUISES JAPANESE GRAND PRIX 2024,31,Esteban OCON,11,8,14,,,15,15
1232,FORMULA 1 MSC CRUISES JAPANESE GRAND PRIX 2024,20,Kevin MAGNUSSEN,19,9,20,,,18,13
1232,FORMULA 1 MSC CRUISES JAPANESE GRAND PRIX 2024,55,Carlos SAINZ,3,7,7,,,4,3
1232,FORMULA 1 MSC CRUISES JAPANESE GRAND PRIX 2024,4,Lando NORRIS,10,6,6,,,3,5
1232,FORMULA 1 MSC CRUISES JAPANESE GRAND PRIX 2024,2,Logan SARGEANT,20,15,19,,,19,17
1232,FORMULA 1 MSC CRUISES JAPANESE GRAND PRIX 2024,81,Oscar PIASTRI,8,1,8,,,6,8
1232,FORMULA 1 MSC CRUISES JAPANESE GRAND PRIX 2024,22,Yuki TSUNODA,9,4,9,,,10,10
1232,FORMULA 1 MSC CRUISES JAPANESE GRAND PRIX 2024,11,Sergio PEREZ,2,17,2,,,2,2
1232,FORMULA 1 MSC CRUISES JAPANESE GRAND PRIX 2024,44,Lewis HAMILTON,5,2,4,,,7,9
1232,FORMULA 1 MSC CRUISES JAPANESE GRAND PRIX 2024,10,Pierre GASLY,17,16,17,,,17,16
1232,FORMULA 1 MSC CRUISES JAPANESE GRAND PRIX 2024,18,Lance STROLL,15,19,18,,,16,12
1232,FORMULA 1 MSC CRUISES JAPANESE GRAND PRIX 2024,1,Max VERSTAPPEN,1,14,1,,,1,1
1233,FORMULA 1 LENOVO CHINESE GRAND PRIX 2024,14,Fernando ALONSO,19,,,,20,3,7
1233,FORMULA 1 LENOVO CHINESE GRAND PRIX 2024,16,Charles LECLERC,13,,,,4,6,4
1233,FORMULA 1 LENOVO CHINESE GRAND PRIX 2024,63,George RUSSELL,17,,,,8,8,6
1233,FORMULA 1 LENOVO CHINESE GRAND PRIX 2024,23,Alexander ALBON,8,,,,17,14,12
1233,FORMULA 1 LENOVO CHINESE GRAND PRIX 2024,27,Nico HULKENBERG,5,,,,19,9,10
1233,FORMULA 1 LENOVO CHINESE GRAND PRIX 2024,24,ZHOU Guanyu,11,,,,9,16,14
1233,FORMULA 1 LENOVO CHINESE GRAND PRIX 2024,77,Valtteri BOTTAS,10,,,,12,10,20
1233,FORMULA 1 LENOVO CHINESE GRAND PRIX 2024,3,Daniel RICCIARDO,9,,,,11,12,18
1233,FORMULA 1 LENOVO CHINESE GRAND PRIX 2024,31,Esteban OCON,7,,,,13,13,11
1233,FORMULA 1 LENOVO CHINESE GRAND PRIX 2024,20,Kevin MAGNUSSEN,6,,,,10,17,16
1233,FORMULA 1 LENOVO CHINESE GRAND PRIX 2024,55,Carlos SAINZ,14,,,,5,7,5
1233,FORMULA 1 LENOVO CHINESE GRAND PRIX 2024,4,Lando NORRIS,16,,,,6,4,2
1233,FORMULA 1 LENOVO CHINESE GRAND PRIX 2024,2,Logan SARGEANT,15,,,,18,20,17
1233,FORMULA 1 LENOVO CHINESE GRAND PRIX 2024,81,Oscar PIASTRI,2,,,,7,5,8
1233,FORMULA 1 LENOVO CHINESE GRAND PRIX 2024,22,Yuki TSUNODA,12,,,,16,19,19
1233,FORMULA 1 LENOVO CHINESE GRAND PRIX 2024,11,Sergio PEREZ,4,,,,3,2,3
1233,FORMULA 1 LENOVO CHINESE GRAND PRIX 2024,44,Lewis HAMILTON,18,,,,2,18,9
1233,FORMULA 1 LENOVO CHINESE GRAND PRIX 2024,10,Pierre GASLY,20,,,,15,15,13
1233,FORMULA 1 LENOVO CHINESE GRAND PRIX 2024,18,Lance STROLL,1,,,,14,11,15
1233,FORMULA 1 LENOVO CHINESE GRAND PRIX 2024,1,Max VERSTAPPEN,3,,,,1,1,1
1234,FORMULA 1 CRYPTO.COM MIAMI GRAND PRIX 2024,14,Fernando ALONSO,19,,,,17,15,9
1234,FORMULA 1 CRYPTO.COM MIAMI GRAND PRIX 2024,16,Charles LECLERC,20,,,,2,2,3
1234,FORMULA 1 CRYPTO.COM MIAMI GRAND PRIX 2024,63,George RUSSELL,4,,,,12,7,8
1234,FORMULA 1 CRYPTO.COM MIAMI GRAND PRIX 2024,23,Alexander ALBON,14,,,,13,14,19
1234,FORMULA 1 CRYPTO.COM MIAMI GRAND PRIX 2024,27,Nico HULKENBERG,13,,,,7,9,11
1234,FORMULA 1 CRYPTO.COM MIAMI GRAND PRIX 2024,24,ZHOU Guanyu,15,,,,11,20,14
1234,FORMULA 1 CRYPTO.COM MIAMI GRAND PRIX 2024,77,Valtteri BOTTAS,17,,,,14,16,16
1234,FORMULA 1 CRYPTO.COM MIAMI GRAND PRIX 2024,3,Daniel RICCIARDO,11,,,,4,18,15
1234,FORMULA 1 CRYPTO.COM MIAMI GRAND PRIX 2024,31,Esteban OCON,9,,,,15,13,10
1234,FORMULA 1 CRYPTO.COM MIAMI GRAND PRIX 2024,20,Kevin MAGNUSSEN,12,,,,18,19,18
1234,FORMULA 1 CRYPTO.COM MIAMI GRAND PRIX 2024,55,Carlos SAINZ,3,,,,5,3,4
1234,FORMULA 1 CRYPTO.COM MIAMI GRAND PRIX 2024,4,Lando NORRIS,16,,,,20,5,1
1234,FORMULA 1 CRYPTO.COM MIAMI GRAND PRIX 2024,2,Logan SARGEANT,18,,,,10,17,20
1234,FORMULA 1 CRYPTO.COM MIAMI GRAND PRIX 2024,81,Oscar PIASTRI,2,,,,6,6,13
1234,FORMULA 1 CRYPTO.COM MIAMI GRAND PRIX 2024,22,Yuki TSUNODA,8,,,,8,10,7
1234,FORMULA 1 CRYPTO.COM MIAMI GRAND PRIX 2024,11,Sergio PEREZ,6,,,,3,4,5
1234,FORMULA 1 CRYPTO.COM MIAMI GRAND PRIX 2024,44,Lewis HAMILTON,7,,,,16,8,6
1234,FORMULA 1 CRYPTO.COM MIAMI GRAND PRIX 2024,10,Pierre GASLY,10,,,,9,12,12
1234,FORMULA 1 CRYPTO.COM MIAMI GRAND PRIX 2024,18,Lance STROLL,5,,,,19,11,17
1234,FORMULA 1 CRYPTO.COM MIAMI GRAND PRIX 2024,1,Max VERSTAPPEN,1,,,,1,1,2
1235,FORMULA 1 MSC CRUISES GRAN PREMIO DEL MADE IN ITALY E DELL'EMILIA-ROMAGNA 2024,14,Fernando ALONSO,10,10,18,,,19,19
1235,FORMULA 1 MSC CRUISES GRAN PREMIO DEL MADE IN ITALY E DELL'EMILIA-ROMAGNA 2024,16,Charles LECLERC,1,1,4,,,4,3
1235,FORMULA 1 MSC CRUISES GRAN PREMIO DEL MADE IN ITALY E DELL'EMILIA-ROMAGNA 2024,63,George RUSSELL,2,5,5,,,6,7
1235,FORMULA 1 MSC CRUISES GRAN PREMIO DEL MADE IN ITALY E DELL'EMILIA-ROMAGNA 2024,23,Alexander ALBON,19,18,7,,,14,20
1235,FORMULA 1 MSC CRUISES GRAN PREMIO DEL MADE IN ITALY E DELL'EMILIA-ROMAGNA 2024,27,Nico HULKENBERG,20,9,10,,,10,11
1235,FORMULA 1 MSC CRUISES GRAN PREMIO DEL MADE IN ITALY E DELL'EMILIA-ROMAGNA 2024,24,ZHOU Guanyu,17,19,20,,,17,15
1235,FORMULA 1 MSC CRUISES GRAN PREMIO DEL MADE IN ITALY E DELL'EMILIA-ROMAGNA 2024,77,Valtteri BOTTAS,16,16,14,,,16,18
1235,FORMULA 1 MSC CRUISES GRAN PREMIO DEL MADE IN ITALY E DELL'EMILIA-ROMAGNA 2024,3,Daniel RICCIARDO,13,11,11,,,9,13
1235,FORMULA 1 MSC CRUISES GRAN PREMIO DEL MADE IN ITALY E DELL'EMILIA-ROMAGNA 2024,31,Esteban OCON,14,14,8,,,12,14
1235,FORMULA 1 MSC CRUISES GRAN PREMIO DEL MADE IN ITALY E DELL'EMILIA-ROMAGNA 2024,20,Kevin MAGNUSSEN,,17,16,,,18,12
1235,FORMULA 1 MSC CRUISES GRAN PREMIO DEL MADE IN ITALY E DELL'EMILIA-ROMAGNA 2024,55,Carlos SAINZ,3,6,3,,,5,5
1235,FORMULA 1 MSC CRUISES GRAN PREMIO DEL MADE IN ITALY E DELL'EMILIA-ROMAGNA 2024,4,Lando NORRIS,8,12,2,,,3,2
1235,FORMULA 1 MSC CRUISES GRAN PREMIO DEL MADE IN ITALY E DELL'EMILIA-ROMAGNA 2024,2,Logan SARGEANT,18,20,15,,,20,17
1235,FORMULA 1 MSC CRUISES GRAN PREMIO DEL MADE IN ITALY E DELL'EMILIA-ROMAGNA 2024,81,Oscar PIASTRI,9,2,1,,,2,4
1235,FORMULA 1 MSC CRUISES GRAN PREMIO DEL MADE IN ITALY E DELL'EMILIA-ROMAGNA 2024,22,Yuki TSUNODA,6,3,13,,,7,10
1235,FORMULA 1 MSC CRUISES GRAN PREMIO DEL MADE IN ITALY E DELL'EMILIA-ROMAGNA 2024,11,Sergio PEREZ,4,8,12,,,11,8
1235,FORMULA 1 MSC CRUISES GRAN PREMIO DEL MADE IN ITALY E DELL'EMILIA-ROMAGNA 2024,44,Lewis HAMILTON,7,4,17,,,8,6
1235,FORMULA 1 MSC CRUISES GRAN PREMIO DEL MADE IN ITALY E DELL'EMILIA-ROMAGNA 2024,10,Pierre GASLY,11,15,19,,,15,16
1235,FORMULA 1 MSC CRUISES GRAN PREMIO DEL MADE IN ITALY E DELL'EMILIA-ROMAGNA 2024,50,Oliver BEARMAN,15,,,,,,
1235,FORMULA 1 MSC CRUISES GRAN PREMIO DEL MADE IN ITALY E DELL'EMILIA-ROMAGNA 2024,18,Lance STROLL,12,13,9,,,13,9
1235,FORMULA 1 MSC CRUISES GRAN PREMIO DEL MADE IN ITALY E DELL'EMILIA-ROMAGNA 2024,1,Max VERSTAPPEN,5,7,6,,,1,1
1236,FORMULA 1 GRAND PRIX DE MONACO 2024,14,Fernando ALONSO,6,3,10,,,16,11
1236,FORMULA 1 GRAND PRIX DE MONACO 2024,16,Charles LECLERC,5,1,1,,,1,1
1236,FORMULA 1 GRAND PRIX DE MONACO 2024,63,George RUSSELL,3,10,6,,,5,5
1236,FORMULA 1 GRAND PRIX DE MONACO 2024,23,Alexander ALBON,15,9,12,,,9,9
1236,FORMULA 1 GRAND PRIX DE MONACO 2024,27,Nico HULKENBERG,16,15,13,,,12,19
1236,FORMULA 1 GRAND PRIX DE MONACO 2024,24,ZHOU Guanyu,19,20,19,,,20,16
1236,FORMULA 1 GRAND PRIX DE MONACO 2024,77,Valtteri BOTTAS,13,19,20,,,19,13
1236,FORMULA 1 GRAND PRIX DE MONACO 2024,3,Daniel RICCIARDO,9,16,18,,,13,12
1236,FORMULA 1 GRAND PRIX DE MONACO 2024,31,Esteban OCON,18,14,16,,,11,17
1236,FORMULA 1 GRAND PRIX DE MONACO 2024,20,Kevin MAGNUSSEN,14,13,14,,,15,20
1236,FORMULA 1 GRAND PRIX DE MONACO 2024,55,Carlos SAINZ,10,6,7,,,3,3
1236,FORMULA 1 GRAND PRIX DE MONACO 2024,4,Lando NORRIS,4,5,8,,,4,4
1236,FORMULA 1 GRAND PRIX DE MONACO 2024,2,Logan SARGEANT,17,18,17,,,17,15
1236,FORMULA 1 GRAND PRIX DE MONACO 2024,81,Oscar PIASTRI,2,12,4,,,2,2
1236,FORMULA 1 GRAND PRIX DE MONACO 2024,22,Yuki TSUNODA,8,11,9,,,8,8
1236,FORMULA 1 GRAND PRIX DE MONACO 2024,11,Sergio PEREZ,12,8,5,,,18,18
1236,FORMULA 1 GRAND PRIX DE MONACO 2024,44,Lewis HAMILTON,1,2,3,,,7,7
1236,FORMULA 1 GRAND PRIX DE MONACO 2024,10,Pierre GASLY,20,17,11,,,10,10
1236,FORMULA 1 GRAND PRIX DE MONACO 2024,18,Lance STROLL,7,7,15,,,14,14
1236,FORMULA 1 GRAND PRIX DE MONACO 2024,1,Max VERSTAPPEN,11,4,2,,,6,6
1237,FORMULA 1 AWS GRAND PRIX DU CANADA 2024,14,Fernando ALONSO,15,1,8,,,6,6
1237,FORMULA 1 AWS GRAND PRIX DU CANADA 2024,16,Charles LECLERC,3,4,10,,,11,19
1237,FORMULA 1 AWS GRAND PRIX DU CANADA 2024,63,George RUSSELL,10,2,3,,,1,3
1237,FORMULA 1 AWS GRAND PRIX DU CANADA 2024,23,Alexander ALBON,20,9,18,,,10,17
1237,FORMULA 1 AWS GRAND PRIX DU CANADA 2024,27,Nico HULKENBERG,14,15,17,,,19,11
1237,FORMULA 1 AWS GRAND PRIX DU CANADA 2024,24,ZHOU Guanyu,18,17,20,,,20,15
1237,FORMULA 1 AWS GRAND PRIX DU CANADA 2024,77,Valtteri BOTTAS,8,14,13,,,17,13
1237,FORMULA 1 AWS GRAND PRIX DU CANADA 2024,3,Daniel RICCIARDO,11,5,6,,,5,8
1237,FORMULA 1 AWS GRAND PRIX DU CANADA 2024,31,Esteban OCON,,11,19,,,18,10
1237,FORMULA 1 AWS GRAND PRIX DU CANADA 2024,20,Kevin MAGNUSSEN,13,6,11,,,14,12
1237,FORMULA 1 AWS GRAND PRIX DU CANADA 2024,55,Carlos SAINZ,2,13,12,,,12,16
1237,FORMULA 1 AWS GRAND PRIX DU CANADA 2024,61,Jack DOOHAN,19,,,,,,
1237,FORMULA 1 AWS GRAND PRIX DU CANADA 2024,4,Lando NORRIS,1,20,7,,,3,2
1237,FORMULA 1 AWS GRAND PRIX DU CANADA 2024,2,Logan SARGEANT,16,12,14,,,13,20
1237,FORMULA 1 AWS GRAND PRIX DU CANADA 2024,81,Oscar PIASTRI,6,16,5,,,4,5
1237,FORMULA 1 AWS GRAND PRIX DU CANADA 2024,22,Yuki TSUNODA,12,8,15,,,8,14
1237,FORMULA 1 AWS GRAND PRIX DU CANADA 2024,11,Sergio PEREZ,9,10,9,,,16,18
1237,FORMULA 1 AWS GRAND PRIX DU CANADA 2024,44,Lewis HAMILTON,4,7,1,,,7,4
1237,FORMULA 1 AWS GRAND PRIX DU CANADA 2024,10,Pierre GASLY,7,19,16,,,15,9
1237,FORMULA 1 AWS GRAND PRIX DU CANADA 2024,18,Lance STROLL,17,3,4,,,9,7
1237,FORMULA 1 AWS GRAND PRIX DU CANADA 2024,1,Max VERSTAPPEN,5,18,2,,,2,1
1238,FORMULA 1 ARAMCO GRAN PREMIO DE ESPAÑA 2024,14,Fernando ALONSO,9,14,9,,,11,12
1238,FORMULA 1 ARAMCO GRAN PREMIO DE ESPAÑA 2024,16,Charles LECLERC,11,6,3,,,5,5
1238,FORMULA 1 ARAMCO GRAN PREMIO DE ESPAÑA 2024,63,George RUSSELL,4,8,5,,,4,4
1238,FORMULA 1 ARAMCO GRAN PREMIO DE ESPAÑA 2024,23,Alexander ALBON,10,19,8,,,19,18
1238,FORMULA 1 ARAMCO GRAN PREMIO DE ESPAÑA 2024,27,Nico HULKENBERG,,12,13,,,13,11
1238,FORMULA 1 ARAMCO GRAN PREMIO DE ESPAÑA 2024,24,ZHOU Guanyu,16,17,19,,,15,13
1238,FORMULA 1 ARAMCO GRAN PREMIO DE ESPAÑA 2024,77,Valtteri BOTTAS,12,10,14,,,12,16
1238,FORMULA 1 ARAMCO GRAN PREMIO DE ESPAÑA 2024,3,Daniel RICCIARDO,15,16,16,,,18,15
1238,FORMULA 1 ARAMCO GRAN PREMIO DE ESPAÑA 2024,31,Esteban OCON,8,9,11,,,9,10
1238,FORMULA 1 ARAMCO GRAN PREMIO DE ESPAÑA 2024,20,Kevin MAGNUSSEN,17,11,15,,,16,17
1238,FORMULA 1 ARAMCO GRAN PREMIO DE ESPAÑA 2024,55,Carlos SAINZ,3,2,1,,,6,6
1238,FORMULA 1 ARAMCO GRAN PREMIO DE ESPAÑA 2024,4,Lando NORRIS,1,3,2,,,1,2
1238,FORMULA 1 ARAMCO GRAN PREMIO DE ESPAÑA 2024,2,Logan SARGEANT,18,20,20,,,20,20
1238,FORMULA 1 ARAMCO GRAN PREMIO DE ESPAÑA 2024,81,Oscar PIASTRI,6,7,10,,,10,7
1238,FORMULA 1 ARAMCO GRAN PREMIO DE ESPAÑA 2024,22,Yuki TSUNODA,20,15,18,,,17,19
1238,FORMULA 1 ARAMCO GRAN PREMIO DE ESPAÑA 2024,11,Sergio PEREZ,5,13,7,,,8,8
1238,FORMULA 1 ARAMCO GRAN PREMIO DE ESPAÑA 2024,44,Lewis HAMILTON,7,1,6,,,3,3
1238,FORMULA 1 ARAMCO GRAN PREMIO DE ESPAÑA 2024,10,Pierre GASLY,13,4,12,,,7,9
1238,FORMULA 1 ARAMCO GRAN PREMIO DE ESPAÑA 2024,50,Oliver BEARMAN,19,,,,,,
1238,FORMULA 1 ARAMCO GRAN PREMIO DE ESPAÑA 2024,18,Lance STROLL,14,18,17,,,14,14
1238,FORMULA 1 ARAMCO GRAN PREMIO DE ESPAÑA 2024,1,Max VERSTAPPEN,2,5,4,,,2,1
1239,FORMULA 1 QATAR AIRWAYS AUSTRIAN GRAND PRIX 2024,14,Fernando ALONSO,10,,,,16,15,18
1239,FORMULA 1 QATAR AIRWAYS AUSTRIAN GRAND PRIX 2024,16,Charles LECLERC,3,,,,7,6,11
1239,FORMULA 1 QATAR AIRWAYS AUSTRIAN GRAND PRIX 2024,63,George RUSSELL,8,,,,4,3,1
1239,FORMULA 1 QATAR AIRWAYS AUSTRIAN GRAND PRIX 2024,23,Alexander ALBON,18,,,,18,16,15
1239,FORMULA 1 QATAR AIRWAYS AUSTRIAN GRAND PRIX 2024,27,Nico HULKENBERG,17,,,,14,9,6
1239,FORMULA 1 QATAR AIRWAYS AUSTRIAN GRAND PRIX 2024,24,ZHOU Guanyu,14,,,,20,20,17
1239,FORMULA 1 QATAR AIRWAYS AUSTRIAN GRAND PRIX 2024,77,Valtteri BOTTAS,15,,,,19,18,16
1239,FORMULA 1 QATAR AIRWAYS AUSTRIAN GRAND PRIX 2024,3,Daniel RICCIARDO,16,,,,15,11,9
1239,FORMULA 1 QATAR AIRWAYS AUSTRIAN GRAND PRIX 2024,31,Esteban OCON,6,,,,11,10,12
1239,FORMULA 1 QATAR AIRWAYS AUSTRIAN GRAND PRIX 2024,20,Kevin MAGNUSSEN,19,,,,9,12,8
1239,FORMULA 1 QATAR AIRWAYS AUSTRIAN GRAND PRIX 2024,55,Carlos SAINZ,4,,,,5,4,3
1239,FORMULA 1 QATAR AIRWAYS AUSTRIAN GRAND PRIX 2024,4,Lando NORRIS,13,,,,3,2,20
1239,FORMULA 1 QATAR AIRWAYS AUSTRIAN GRAND PRIX 2024,2,Logan SARGEANT,20,,,,17,19,19
1239,FORMULA 1 QATAR AIRWAYS AUSTRIAN GRAND PRIX 2024,81,Oscar PIASTRI,2,,,,2,7,2
1239,FORMULA 1 QATAR AIRWAYS AUSTRIAN GRAND PRIX 2024,22,Yuki TSUNODA,9,,,,13,14,14
1239,FORMULA 1 QATAR AIRWAYS AUSTRIAN GRAND PRIX 2024,11,Sergio PEREZ,12,,,,8,8,7
1239,FORMULA 1 QATAR AIRWAYS AUSTRIAN GRAND PRIX 2024,44,Lewis HAMILTON,5,,,,6,5,4
1239,FORMULA 1 QATAR AIRWAYS AUSTRIAN GRAND PRIX 2024,10,Pierre GASLY,11,,,,12,13,10
1239,FORMULA 1 QATAR AIRWAYS AUSTRIAN GRAND PRIX 2024,18,Lance STROLL,7,,,,10,17,13
1239,FORMULA 1 QATAR AIRWAYS AUSTRIAN GRAND PRIX 2024,1,Max VERSTAPPEN,1,,,,1,1,5
1240,FORMULA 1 QATAR AIRWAYS BRITISH GRAND PRIX 2024,14,Fernando ALONSO,6,11,8,,,10,8
1240,FORMULA 1 QATAR AIRWAYS BRITISH GRAND PRIX 2024,16,Charles LECLERC,8,5,6,,,11,14
1240,FORMULA 1 QATAR AIRWAYS BRITISH GRAND PRIX 2024,63,George RUSSELL,5,10,1,,,1,19
1240,FORMULA 1 QATAR AIRWAYS BRITISH GRAND PRIX 2024,45,Franco COLAPINTO,18,,,,,,
1240,FORMULA 1 QATAR AIRWAYS BRITISH GRAND PRIX 2024,23,Alexander ALBON,16,13,11,,,9,9
1240,FORMULA 1 QATAR AIRWAYS BRITISH GRAND PRIX 2024,27,Nico HULKENBERG,11,4,10,,,6,6
1240,FORMULA 1 QATAR AIRWAYS BRITISH GRAND PRIX 2024,24,ZHOU Guanyu,15,18,19,,,14,18
1240,FORMULA 1 QATAR AIRWAYS BRITISH GRAND PRIX 2024,77,Valtteri BOTTAS,12,12,15,,,16,15
1240,FORMULA 1 QATAR AIRWAYS BRITISH GRAND PRIX 2024,3,Daniel RICCIARDO,13,19,18,,,15,13
1240,FORMULA 1 QATAR AIRWAYS BRITISH GRAND PRIX 2024,31,Esteban OCON,10,15,16,,,18,16
1240,FORMULA 1 QATAR AIRWAYS BRITISH GRAND PRIX 2024,20,Kevin MAGNUSSEN,,20,17,,,17,12
1240,FORMULA 1 QATAR AIRWAYS BRITISH GRAND PRIX 2024,55,Carlos SAINZ,9,8,4,,,7,5
1240,FORMULA 1 QATAR AIRWAYS BRITISH GRAND PRIX 2024,61,Jack DOOHAN,17,,,,,,
1240,FORMULA 1 QATAR AIRWAYS BRITISH GRAND PRIX 2024,37,Isack HADJAR,19,,,,,,
1240,FORMULA 1 QATAR AIRWAYS BRITISH GRAND PRIX 2024,4,Lando NORRIS,1,1,3,,,3,3
1240,FORMULA 1 QATAR AIRWAYS BRITISH GRAND PRIX 2024,2,Logan SARGEANT,,17,13,,,12,11
1240,FORMULA 1 QATAR AIRWAYS BRITISH GRAND PRIX 2024,81,Oscar PIASTRI,3,2,7,,,5,4
1240,FORMULA 1 QATAR AIRWAYS BRITISH GRAND PRIX 2024,22,Yuki TSUNODA,20,16,14,,,13,10
1240,FORMULA 1 QATAR AIRWAYS BRITISH GRAND PRIX 2024,44,Lewis HAMILTON,7,6,2,,,2,1
1240,FORMULA 1 QATAR AIRWAYS BRITISH GRAND PRIX 2024,11,Sergio PEREZ,,3,9,,,19,17
1240,FORMULA 1 QATAR AIRWAYS BRITISH GRAND PRIX 2024,10,Pierre GASLY,,14,20,,,20,20
1240,FORMULA 1 QATAR AIRWAYS BRITISH GRAND PRIX 2024,50,Oliver BEARMAN,14,,,,,,
1240,FORMULA 1 QATAR AIRWAYS BRITISH GRAND PRIX 2024,18,Lance STROLL,2,9,12,,,8,7
1240,FORMULA 1 QATAR AIRWAYS BRITISH GRAND PRIX 2024,1,Max VERSTAPPEN,4,7,5,,,4,2
1241,FORMULA 1 HUNGARIAN GRAND PRIX 2024,14,Fernando ALONSO,13,10,14,,,7,11
1241,FORMULA 1 HUNGARIAN GRAND PRIX 2024,16,Charles LECLERC,3,18,11,,,6,4
1241,FORMULA 1 HUNGARIAN GRAND PRIX 2024,63,George RUSSELL,4,5,4,,,17,8
1241,FORMULA 1 HUNGARIAN GRAND PRIX 2024,23,Alexander ALBON,14,9,7,,,13,14
1241,FORMULA 1 HUNGARIAN GRAND PRIX 2024,27,Nico HULKENBERG,,15,8,,,11,13
1241,FORMULA 1 HUNGARIAN GRAND PRIX 2024,24,ZHOU Guanyu,5,20,17,,,18,19
1241,FORMULA 1 HUNGARIAN GRAND PRIX 2024,77,Valtteri BOTTAS,15,11,12,,,12,16
1241,FORMULA 1 HUNGARIAN GRAND PRIX 2024,3,Daniel RICCIARDO,12,8,6,,,9,12
1241,FORMULA 1 HUNGARIAN GRAND PRIX 2024,31,Esteban OCON,18,14,20,,,19,18
1241,FORMULA 1 HUNGARIAN GRAND PRIX 2024,20,Kevin MAGNUSSEN,19,6,19,,,15,15
1241,FORMULA 1 HUNGARIAN GRAND PRIX 2024,55,Carlos SAINZ,1,3,5,,,4,6
1241,FORMULA 1 HUNGARIAN GRAND PRIX 2024,4,Lando NORRIS,6,1,1,,,1,2
1241,FORMULA 1 HUNGARIAN GRAND PRIX 2024,2,Logan SARGEANT,16,12,16,,,14,17
1241,FORMULA 1 HUNGARIAN GRAND PRIX 2024,81,Oscar PIASTRI,7,13,2,,,2,1
1241,FORMULA 1 HUNGARIAN GRAND PRIX 2024,22,Yuki TSUNODA,8,19,9,,,10,9
1241,FORMULA 1 HUNGARIAN GRAND PRIX 2024,11,Sergio PEREZ,11,4,13,,,16,7
1241,FORMULA 1 HUNGARIAN GRAND PRIX 2024,44,Lewis HAMILTON,10,7,10,,,5,3
1241,FORMULA 1 HUNGARIAN GRAND PRIX 2024,10,Pierre GASLY,17,16,18,,,20,20
1241,FORMULA 1 HUNGARIAN GRAND PRIX 2024,50,Oliver BEARMAN,20,,,,,,
1241,FORMULA 1 HUNGARIAN GRAND PRIX 2024,18,Lance STROLL,9,17,15,,,8,10
1241,FORMULA 1 HUNGARIAN GRAND PRIX 2024,1,Max VERSTAPPEN,2,2,3,,,3,5
1242,FORMULA 1 ROLEX BELGIAN GRAND PRIX 2024,14,Fernando ALONSO,12,12,13,,,9,9
1242,FORMULA 1 ROLEX BELGIAN GRAND PRIX 2024,16,Charles LECLERC,6,4,6,,,2,4
1242,FORMULA 1 ROLEX BELGIAN GRAND PRIX 2024,63,George RUSSELL,4,6,19,,,7,1
1242,FORMULA 1 ROLEX BELGIAN GRAND PRIX 2024,23,Alexander ALBON,3,17,11,,,11,13
1242,FORMULA 1 ROLEX BELGIAN GRAND PRIX 2024,27,Nico HULKENBERG,17,16,12,,,16,18
1242,FORMULA 1 ROLEX BELGIAN GRAND PRIX 2024,24,ZHOU Guanyu,19,19,16,,,20,20
1242,FORMULA 1 ROLEX BELGIAN GRAND PRIX 2024,77,Valtteri BOTTAS,14,13,8,,,14,16
1242,FORMULA 1 ROLEX BELGIAN GRAND PRIX 2024,3,Daniel RICCIARDO,13,14,14,,,13,11
1242,FORMULA 1 ROLEX BELGIAN GRAND PRIX 2024,31,Esteban OCON,20,7,5,,,10,10
1242,FORMULA 1 ROLEX BELGIAN GRAND PRIX 2024,20,Kevin MAGNUSSEN,18,8,18,,,17,15
1242,FORMULA 1 ROLEX BELGIAN GRAND PRIX 2024,55,Carlos SAINZ,9,5,20,,,8,7
1242,FORMULA 1 ROLEX BELGIAN GRAND PRIX 2024,4,Lando NORRIS,8,1,4,,,5,6
1242,FORMULA 1 ROLEX BELGIAN GRAND PRIX 2024,2,Logan SARGEANT,15,18,17,,,19,19
1242,FORMULA 1 ROLEX BELGIAN GRAND PRIX 2024,81,Oscar PIASTRI,2,2,2,,,6,3
1242,FORMULA 1 ROLEX BELGIAN GRAND PRIX 2024,22,Yuki TSUNODA,16,20,15,,,18,17
1242,FORMULA 1 ROLEX BELGIAN GRAND PRIX 2024,11,Sergio PEREZ,7,9,10,,,3,8
1242,FORMULA 1 ROLEX BELGIAN GRAND PRIX 2024,44,Lewis HAMILTON,5,10,9,,,4,2
1242,FORMULA 1 ROLEX BELGIAN GRAND PRIX 2024,10,Pierre GASLY,11,15,3,,,12,14
1242,FORMULA 1 ROLEX BELGIAN GRAND PRIX 2024,18,Lance STROLL,10,11,7,,,15,12
1242,FORMULA 1 ROLEX BELGIAN GRAND PRIX 2024,1,Max VERSTAPPEN,1,3,1,,,1,5
1243,FORMULA 1 HEINEKEN DUTCH GRAND PRIX 2024,14,Fernando ALONSO,15,6,5,,,7,10
1243,FORMULA 1 HEINEKEN DUTCH GRAND PRIX 2024,16,Charles LECLERC,13,9,16,,,6,5
1243,FORMULA 1 HEINEKEN DUTCH GRAND PRIX 2024,97,Robert SHWARTZMAN,16,,,,,,
1243,FORMULA 1 HEINEKEN DUTCH GRAND PRIX 2024,63,George RUSSELL,5,1,13,,,4,7
1243,FORMULA 1 HEINEKEN DUTCH GRAND PRIX 2024,23,Alexander ALBON,6,10,14,,,8,14
1243,FORMULA 1 HEINEKEN DUTCH GRAND PRIX 2024,27,Nico HULKENBERG,8,20,9,,,14,11
1243,FORMULA 1 HEINEKEN DUTCH GRAND PRIX 2024,24,ZHOU Guanyu,10,16,11,,,19,20
1243,FORMULA 1 HEINEKEN DUTCH GRAND PRIX 2024,77,Valtteri BOTTAS,,18,3,,,18,19
1243,FORMULA 1 HEINEKEN DUTCH GRAND PRIX 2024,3,Daniel RICCIARDO,19,13,18,,,16,12
1243,FORMULA 1 HEINEKEN DUTCH GRAND PRIX 2024,31,Esteban OCON,18,17,6,,,17,15
1243,FORMULA 1 HEINEKEN DUTCH GRAND PRIX 2024,20,Kevin MAGNUSSEN,9,8,2,,,15,18
1243,FORMULA 1 HEINEKEN DUTCH GRAND PRIX 2024,55,Carlos SAINZ,4,19,10,,,11,5
1243,FORMULA 1 HEINEKEN DUTCH GRAND PRIX 2024,4,Lando NORRIS,1,4,4,,,1,2
1243,FORMULA 1 HEINEKEN DUTCH GRAND PRIX 2024,2,Logan SARGEANT,17,15,12,,,20,16
1243,FORMULA 1 HEINEKEN DUTCH GRAND PRIX 2024,81,Oscar PIASTRI,7,2,7,,,3,4
1243,FORMULA 1 HEINEKEN DUTCH GRAND PRIX 2024,22,Yuki TSUNODA,14,7,19,,,13,17
1243,FORMULA 1 HEINEKEN DUTCH GRAND PRIX 2024,11,Sergio PEREZ,12,12,20,,,5,6
1243,FORMULA 1 HEINEKEN DUTCH GRAND PRIX 2024,44,Lewis HAMILTON,3,3,15,,,12,10
1243,FORMULA 1 HEINEKEN DUTCH GRAND PRIX 2024,10,Pierre GASLY,20,14,1,,,10,9
1243,FORMULA 1 HEINEKEN DUTCH GRAND PRIX 2024,18,Lance STROLL,11,11,8,,,9,13
1243,FORMULA 1 HEINEKEN DUTCH GRAND PRIX 2024,1,Max VERSTAPPEN,2,5,17,,,2,4
1244,FORMULA 1 PIRELLI GRAN PREMIO D’ITALIA 2024,14,Fernando ALONSO,10,9,11,,,11,11
1244,FORMULA 1 PIRELLI GRAN PREMIO D’ITALIA 2024,16,Charles LECLERC,2,5,3,,,4,1
1244,FORMULA 1 PIRELLI GRAN PREMIO D’ITALIA 2024,43,Franco COLAPINTO,17,17,9,,,18,12
1244,FORMULA 1 PIRELLI GRAN PREMIO D’ITALIA 2024,63,George RUSSELL,,6,2,,,3,7
1244,FORMULA 1 PIRELLI GRAN PREMIO D’ITALIA 2024,12,Andrea Kimi ANTONELLI,20,,,,,,
1244,FORMULA 1 PIRELLI GRAN PREMIO D’ITALIA 2024,23,Alexander ALBON,8,13,8,,,9,9
1244,FORMULA 1 PIRELLI GRAN PREMIO D’ITALIA 2024,27,Nico HULKENBERG,19,7,10,,,10,17
1244,FORMULA 1 PIRELLI GRAN PREMIO D’ITALIA 2024,24,ZHOU Guanyu,15,20,20,,,20,18
1244,FORMULA 1 PIRELLI GRAN PREMIO D’ITALIA 2024,77,Valtteri BOTTAS,5,11,19,,,19,16
1244,FORMULA 1 PIRELLI GRAN PREMIO D’ITALIA 2024,3,Daniel RICCIARDO,12,8,12,,,12,13
1244,FORMULA 1 PIRELLI GRAN PREMIO D’ITALIA 2024,31,Esteban OCON,18,19,17,,,15,14
1244,FORMULA 1 PIRELLI GRAN PREMIO D’ITALIA 2024,20,Kevin MAGNUSSEN,11,12,16,,,13,10
1244,FORMULA 1 PIRELLI GRAN PREMIO D’ITALIA 2024,55,Carlos SAINZ,4,3,7,,,5,4
1244,FORMULA 1 PIRELLI GRAN PREMIO D’ITALIA 2024,4,Lando NORRIS,3,2,5,,,1,3
1244,FORMULA 1 PIRELLI GRAN PREMIO D’ITALIA 2024,81,Oscar PIASTRI,6,4,4,,,2,2
1244,FORMULA 1 PIRELLI GRAN PREMIO D’ITALIA 2024,22,Yuki TSUNODA,13,16,13,,,16,20
1244,FORMULA 1 PIRELLI GRAN PREMIO D’ITALIA 2024,11,Sergio PEREZ,9,15,18,,,8,8
1244,FORMULA 1 PIRELLI GRAN PREMIO D’ITALIA 2024,44,Lewis HAMILTON,7,1,1,,,6,5
1244,FORMULA 1 PIRELLI GRAN PREMIO D’ITALIA 2024,10,Pierre GASLY,14,18,14,,,14,15
1244,FORMULA 1 PIRELLI GRAN PREMIO D’ITALIA 2024,18,Lance STROLL,16,10,15,,,17,19
1244,FORMULA 1 PIRELLI GRAN PREMIO D’ITALIA 2024,1,Max VERSTAPPEN,1,14,6,,,7,6
1245,FORMULA 1 QATAR AIRWAYS AZERBAIJAN GRAND PRIX 2024,14,Fernando ALONSO,7,12,11,,,8,6
1245,FORMULA 1 QATAR AIRWAYS AZERBAIJAN GRAND PRIX 2024,16,Charles LECLERC,9,1,2,,,1,2
1245,FORMULA 1 QATAR AIRWAYS AZERBAIJAN GRAND PRIX 2024,43,Franco COLAPINTO,16,14,9,,,9,8
1245,FORMULA 1 QATAR AIRWAYS AZERBAIJAN GRAND PRIX 2024,63,George RUSSELL,8,9,1,,,5,3
1245,FORMULA 1 QATAR AIRWAYS AZERBAIJAN GRAND PRIX 2024,23,Alexander ALBON,17,13,8,,,10,7
1245,FORMULA 1 QATAR AIRWAYS AZERBAIJAN GRAND PRIX 2024,27,Nico HULKENBERG,12,8,16,,,14,11
1245,FORMULA 1 QATAR AIRWAYS AZERBAIJAN GRAND PRIX 2024,24,ZHOU Guanyu,19,20,18,,,19,14
1245,FORMULA 1 QATAR AIRWAYS AZERBAIJAN GRAND PRIX 2024,77,Valtteri BOTTAS,14,15,17,,,18,16
1245,FORMULA 1 QATAR AIRWAYS AZERBAIJAN GRAND PRIX 2024,3,Daniel RICCIARDO,10,16,14,,,16,13
1245,FORMULA 1 QATAR AIRWAYS AZERBAIJAN GRAND PRIX 2024,31,Esteban OCON,20,19,19,,,20,15
1245,FORMULA 1 QATAR AIRWAYS AZERBAIJAN GRAND PRIX 2024,55,Carlos SAINZ,5,4,6,,,3,18
1245,FORMULA 1 QATAR AIRWAYS AZERBAIJAN GRAND PRIX 2024,4,Lando NORRIS,4,17,3,,,17,4
1245,FORMULA 1 QATAR AIRWAYS AZERBAIJAN GRAND PRIX 2024,81,Oscar PIASTRI,6,5,4,,,2,1
1245,FORMULA 1 QATAR AIRWAYS AZERBAIJAN GRAND PRIX 2024,22,Yuki TSUNODA,15,11,12,,,12,20
1245,FORMULA 1 QATAR AIRWAYS AZERBAIJAN GRAND PRIX 2024,11,Sergio PEREZ,3,2,7,,,4,17
1245,FORMULA 1 QATAR AIRWAYS AZERBAIJAN GRAND PRIX 2024,44,Lewis HAMILTON,2,3,10,,,7,9
1245,FORMULA 1 QATAR AIRWAYS AZERBAIJAN GRAND PRIX 2024,10,Pierre GASLY,18,18,15,,,13,12
1245,FORMULA 1 QATAR AIRWAYS AZERBAIJAN GRAND PRIX 2024,50,Oliver BEARMAN,11,10,20,,,11,10
1245,FORMULA 1 QATAR AIRWAYS AZERBAIJAN GRAND PRIX 2024,18,Lance STROLL,13,7,13,,,15,19
1245,FORMULA 1 QATAR AIRWAYS AZERBAIJAN GRAND PRIX 2024,1,Max VERSTAPPEN,1,6,5,,,6,5
1246,FORMULA 1 SINGAPORE AIRLINES SINGAPORE GRAND PRIX 2024,14,Fernando ALONSO,9,12,10,,,7,8
1246,FORMULA 1 SINGAPORE AIRLINES SINGAPORE GRAND PRIX 2024,16,Charles LECLERC,1,2,5,,,9,5
1246,FORMULA 1 SINGAPORE AIRLINES SINGAPORE GRAND PRIX 2024,43,Franco COLAPINTO,11,16,9,,,12,11
1246,FORMULA 1 SINGAPORE AIRLINES SINGAPORE GRAND PRIX 2024,63,George RUSSELL,16,7,2,,,4,4
1246,FORMULA 1 SINGAPORE AIRLINES SINGAPORE GRAND PRIX 2024,23,Alexander ALBON,8,9,8,,,11,20
1246,FORMULA 1 SINGAPORE AIRLINES SINGAPORE GRAND PRIX 2024,27,Nico HULKENBERG,20,10,12,,,6,9
1246,FORMULA 1 SINGAPORE AIRLINES SINGAPORE GRAND PRIX 2024,24,ZHOU Guanyu,19,19,20,,,20,15
1246,FORMULA 1 SINGAPORE AIRLINES SINGAPORE GRAND PRIX 2024,77,Valtteri BOTTAS,18,20,19,,,19,16
1246,FORMULA 1 SINGAPORE AIRLINES SINGAPORE GRAND PRIX 2024,3,Daniel RICCIARDO,7,6,17,,,16,18
1246,FORMULA 1 SINGAPORE AIRLINES SINGAPORE GRAND PRIX 2024,31,Esteban OCON,10,17,16,,,15,13
1246,FORMULA 1 SINGAPORE AIRLINES SINGAPORE GRAND PRIX 2024,20,Kevin MAGNUSSEN,17,13,13,,,14,19
1246,FORMULA 1 SINGAPORE AIRLINES SINGAPORE GRAND PRIX 2024,55,Carlos SAINZ,3,3,6,,,10,7
1246,FORMULA 1 SINGAPORE AIRLINES SINGAPORE GRAND PRIX 2024,4,Lando NORRIS,2,1,1,,,1,1
1246,FORMULA 1 SINGAPORE AIRLINES SINGAPORE GRAND PRIX 2024,81,Oscar PIASTRI,6,5,3,,,5,3
1246,FORMULA 1 SINGAPORE AIRLINES SINGAPORE GRAND PRIX 2024,22,Yuki TSUNODA,5,4,11,,,8,12
1246,FORMULA 1 SINGAPORE AIRLINES SINGAPORE GRAND PRIX 2024,11,Sergio PEREZ,14,8,15,,,13,10
1246,FORMULA 1 SINGAPORE AIRLINES SINGAPORE GRAND PRIX 2024,44,Lewis HAMILTON,12,11,7,,,3,6
1246,FORMULA 1 SINGAPORE AIRLINES SINGAPORE GRAND PRIX 2024,10,Pierre GASLY,13,18,14,,,18,17
1246,FORMULA 1 SINGAPORE AIRLINES SINGAPORE GRAND PRIX 2024,18,Lance STROLL,15,14,18,,,17,14
1246,FORMULA 1 SINGAPORE AIRLINES SINGAPORE GRAND PRIX 2024,1,Max VERSTAPPEN,4,15,4,,,2,2
1247,FORMULA 1 PIRELLI UNITED STATES GRAND PRIX 2024,14,Fernando ALONSO,9,,,,18,8,13
1247,FORMULA 1 PIRELLI UNITED STATES GRAND PRIX 2024,16,Charles LECLERC,2,,,,4,4,1
1247,FORMULA 1 PIRELLI UNITED STATES GRAND PRIX 2024,43,Franco COLAPINTO,19,,,,12,17,10
1247,FORMULA 1 PIRELLI UNITED STATES GRAND PRIX 2024,63,George RUSSELL,7,,,,5,6,6
1247,FORMULA 1 PIRELLI UNITED STATES GRAND PRIX 2024,23,Alexander ALBON,14,,,,17,16,16
1247,FORMULA 1 PIRELLI UNITED STATES GRAND PRIX 2024,27,Nico HULKENBERG,11,,,,8,12,8
1247,FORMULA 1 PIRELLI UNITED STATES GRAND PRIX 2024,24,ZHOU Guanyu,20,,,,19,20,19
1247,FORMULA 1 PIRELLI UNITED STATES GRAND PRIX 2024,77,Valtteri BOTTAS,18,,,,20,18,17
1247,FORMULA 1 PIRELLI UNITED STATES GRAND PRIX 2024,31,Esteban OCON,17,,,,15,13,18
1247,FORMULA 1 PIRELLI UNITED STATES GRAND PRIX 2024,20,Kevin MAGNUSSEN,8,,,,7,9,11
1247,FORMULA 1 PIRELLI UNITED STATES GRAND PRIX 2024,55,Carlos SAINZ,1,,,,2,3,2
1247,FORMULA 1 PIRELLI UNITED STATES GRAND PRIX 2024,30,Liam LAWSON,13,,,,16,15,9
1247,FORMULA 1 PIRELLI UNITED STATES GRAND PRIX 2024,4,Lando NORRIS,4,,,,3,1,4
1247,FORMULA 1 PIRELLI UNITED STATES GRAND PRIX 2024,81,Oscar PIASTRI,5,,,,10,5,5
1247,FORMULA 1 PIRELLI UNITED STATES GRAND PRIX 2024,22,Yuki TSUNODA,10,,,,11,11,14
1247,FORMULA 1 PIRELLI UNITED STATES GRAND PRIX 2024,11,Sergio PEREZ,16,,,,9,10,7
1247,FORMULA 1 PIRELLI UNITED STATES GRAND PRIX 2024,44,Lewis HAMILTON,6,,,,6,19,20
1247,FORMULA 1 PIRELLI UNITED STATES GRAND PRIX 2024,10,Pierre GASLY,12,,,,14,7,12
1247,FORMULA 1 PIRELLI UNITED STATES GRAND PRIX 2024,18,Lance STROLL,15,,,,13,14,15
1247,FORMULA 1 PIRELLI UNITED STATES GRAND PRIX 2024,1,Max VERSTAPPEN,3,,,,1,2,3
1248,FORMULA 1 GRAN PREMIO DE LA CIUDAD DE MÉXICO 2024,14,Fernando ALONSO,,11,15,,,13,18
1248,FORMULA 1 GRAN PREMIO DE LA CIUDAD DE MÉXICO 2024,16,Charles LECLERC,,4,6,,,4,3
1248,FORMULA 1 GRAN PREMIO DE LA CIUDAD DE MÉXICO 2024,43,Franco COLAPINTO,11,15,13,,,16,12
1248,FORMULA 1 GRAN PREMIO DE LA CIUDAD DE MÉXICO 2024,97,Robert SHWARTZMAN,19,,,,,,
1248,FORMULA 1 GRAN PREMIO DE LA CIUDAD DE MÉXICO 2024,63,George RUSSELL,1,18,8,,,5,5
1248,FORMULA 1 GRAN PREMIO DE LA CIUDAD DE MÉXICO 2024,12,Andrea Kimi ANTONELLI,12,,,,,,
1248,FORMULA 1 GRAN PREMIO DE LA CIUDAD DE MÉXICO 2024,38,Oliver BEARMAN,20,,,,,,
1248,FORMULA 1 GRAN PREMIO DE LA CIUDAD DE MÉXICO 2024,23,Alexander ALBON,17,20,11,,,9,19
1248,FORMULA 1 GRAN PREMIO DE LA CIUDAD DE MÉXICO 2024,27,Nico HULKENBERG,5,12,16,,,10,9
1248,FORMULA 1 GRAN PREMIO DE LA CIUDAD DE MÉXICO 2024,24,ZHOU Guanyu,,17,19,,,20,15
1248,FORMULA 1 GRAN PREMIO DE LA CIUDAD DE MÉXICO 2024,77,Valtteri BOTTAS,8,8,12,,,15,14
1248,FORMULA 1 GRAN PREMIO DE LA CIUDAD DE MÉXICO 2024,31,Esteban OCON,7,13,18,,,19,13
1248,FORMULA 1 GRAN PREMIO DE LA CIUDAD DE MÉXICO 2024,20,Kevin MAGNUSSEN,14,6,9,,,7,7
1248,FORMULA 1 GRAN PREMIO DE LA CIUDAD DE MÉXICO 2024,55,Carlos SAINZ,2,1,3,,,1,1
1248,FORMULA 1 GRAN PREMIO DE LA CIUDAD DE MÉXICO 2024,30,Liam LAWSON,9,10,10,,,12,16
1248,FORMULA 1 GRAN PREMIO DE LA CIUDAD DE MÉXICO 2024,4,Lando NORRIS,,5,2,,,3,2
1248,FORMULA 1 GRAN PREMIO DE LA CIUDAD DE MÉXICO 2024,34,Felipe DRUGOVICH,18,,,,,,
1248,FORMULA 1 GRAN PREMIO DE LA CIUDAD DE MÉXICO 2024,81,Oscar PIASTRI,6,2,1,,,17,8
1248,FORMULA 1 GRAN PREMIO DE LA CIUDAD DE MÉXICO 2024,22,Yuki TSUNODA,3,3,7,,,11,20
1248,FORMULA 1 GRAN PREMIO DE LA CIUDAD DE MÉXICO 2024,11,Sergio PEREZ,10,9,14,,,18,17
1248,FORMULA 1 GRAN PREMIO DE LA CIUDAD DE MÉXICO 2024,29,Patricio O'WARD,13,,,,,,
1248,FORMULA 1 GRAN PREMIO DE LA CIUDAD DE MÉXICO 2024,44,Lewis HAMILTON,,7,5,,,6,4
1248,FORMULA 1 GRAN PREMIO DE LA CIUDAD DE MÉXICO 2024,10,Pierre GASLY,15,16,20,,,8,10
1248,FORMULA 1 GRAN PREMIO DE LA CIUDAD DE MÉXICO 2024,18,Lance STROLL,16,14,17,,,14,11
1248,FORMULA 1 GRAN PREMIO DE LA CIUDAD DE MÉXICO 2024,1,Max VERSTAPPEN,4,19,4,,,2,6
1249,FORMULA 1 LENOVO GRANDE PRÊMIO DE SÃO PAULO 2024,14,Fernando ALONSO,14,,,,18,9,14
1249,FORMULA 1 LENOVO GRANDE PRÊMIO DE SÃO PAULO 2024,16,Charles LECLERC,7,,,,4,6,5
1249,FORMULA 1 LENOVO GRANDE PRÊMIO DE SÃO PAULO 2024,43,Franco COLAPINTO,11,,,,12,18,17
1249,FORMULA 1 LENOVO GRANDE PRÊMIO DE SÃO PAULO 2024,63,George RUSSELL,10,,,,6,2,4
1249,FORMULA 1 LENOVO GRANDE PRÊMIO DE SÃO PAULO 2024,23,Alexander ALBON,6,,,,10,7,19
1249,FORMULA 1 LENOVO GRANDE PRÊMIO DE SÃO PAULO 2024,27,Nico HULKENBERG,14,,,,20,19,18
1249,FORMULA 1 LENOVO GRANDE PRÊMIO DE SÃO PAULO 2024,24,ZHOU Guanyu,19,,,,17,20,15
1249,FORMULA 1 LENOVO GRANDE PRÊMIO DE SÃO PAULO 2024,77,Valtteri BOTTAS,12,,,,16,11,13
1249,FORMULA 1 LENOVO GRANDE PRÊMIO DE SÃO PAULO 2024,31,Esteban OCON,16,,,,13,4,2
1249,FORMULA 1 LENOVO GRANDE PRÊMIO DE SÃO PAULO 2024,55,Carlos SAINZ,8,,,,5,14,16
1249,FORMULA 1 LENOVO GRANDE PRÊMIO DE SÃO PAULO 2024,30,Liam LAWSON,5,,,,9,5,9
1249,FORMULA 1 LENOVO GRANDE PRÊMIO DE SÃO PAULO 2024,4,Lando NORRIS,1,,,,1,1,6
1249,FORMULA 1 LENOVO GRANDE PRÊMIO DE SÃO PAULO 2024,81,Oscar PIASTRI,2,,,,2,8,8
1249,FORMULA 1 LENOVO GRANDE PRÊMIO DE SÃO PAULO 2024,22,Yuki TSUNODA,17,,,,15,3,7
1249,FORMULA 1 LENOVO GRANDE PRÊMIO DE SÃO PAULO 2024,11,Sergio PEREZ,9,,,,8,13,11
1249,FORMULA 1 LENOVO GRANDE PRÊMIO DE SÃO PAULO 2024,44,Lewis HAMILTON,10,,,,11,16,10
1249,FORMULA 1 LENOVO GRANDE PRÊMIO DE SÃO PAULO 2024,10,Pierre GASLY,3,,,,7,15,3
1249,FORMULA 1 LENOVO GRANDE PRÊMIO DE SÃO PAULO 2024,50,Oliver BEARMAN,4,,,,14,17,12
1249,FORMULA 1 LENOVO GRANDE PRÊMIO DE SÃO PAULO 2024,18,Lance STROLL,18,,,,19,10,20
1249,FORMULA 1 LENOVO GRANDE PRÊMIO DE SÃO PAULO 2024,1,Max VERSTAPPEN,9,,,,3,12,1
