Race,Pos,No,Name,Team,Race Laps,Time,Points,Flag,Short Team Name,Country,Podiums,Total Points,Total GPs,World Championships,Highest Race Finish,Highest Grid Position,Date of Birth,Place of Birth,Fastest Order,Laps,Time of Day,Fastest Time,Average Speed
Bahrain,1,1,Max Verstappen,Red Bull Racing Honda RBPT,57,1:31:44.742,26,https://media.formula1.com/image/upload/content/dam/fom-website/2018-redesign-assets/Flags%2016x9/netherlands-flag.png,Red Bull Racing,Netherlands,106,2805.5,195,3,1 (x61),1,30/09/1997,"Hasselt, Belgium",1,39,19:07:00,1:32.608,210.383
Bahrain,2,11,Sergio Perez,Red Bull Racing Honda RBPT,57,+22.457s,18,https://media.formula1.com/image/upload/content/dam/fom-website/2018-redesign-assets/Flags%2016x9/mexico-flag.png,Red Bull Racing,Mexico,39,1597.0,268,0,1 (x6),1,26/01/1990,"Guadalajara, Mexico",4,40,19:08:53,1:34.364,206.468
Bahrain,3,55,Carlos Sainz,Ferrari,57,+25.110s,15,https://media.formula1.com/image/upload/content/dam/fom-website/2018-redesign-assets/Flags%2016x9/spain-flag.png,Ferrari,Spain,22,1098.5,194,0,1 (x3),1,01/09/1994,"Madrid, Spain",6,44,19:15:15,1:34.507,206.156
Bahrain,4,16,Charles Leclerc,Ferrari,57,+39.669s,12,https://media.formula1.com/image/upload/content/dam/fom-website/2018-redesign-assets/Flags%2016x9/monaco-flag.png,Ferrari,Monaco,35,1222.0,135,0,1 (x6),1,16/10/1997,"Monte Carlo, Monaco",2,36,19:02:45,1:34.090,207.069
Bahrain,5,63,George Russell,Mercedes,57,+46.788s,10,https://media.formula1.com/image/upload/content/dam/fom-website/2018-redesign-assets/Flags%2016x9/united-kingdom-flag.png,Mercedes,United Kingdom,12,550.0,114,0,1 (x1),1,15/02/1998,"King's Lynn, England",12,40,19:09:04,1:35.065,204.946
Bahrain,6,4,Lando Norris,McLaren Mercedes,57,+48.458s,8,https://media.formula1.com/image/upload/content/dam/fom-website/2018-redesign-assets/Flags%2016x9/united-kingdom-flag.png,McLaren,United Kingdom,19,783.0,114,0,1 (x1),1,13/11/1999,"Bristol, England",5,35,19:01:12,1:34.476,206.223
Bahrain,7,44,Lewis Hamilton,Mercedes,57,+50.324s,6,https://media.formula1.com/image/upload/content/dam/fom-website/2018-redesign-assets/Flags%2016x9/united-kingdom-flag.png,Mercedes,United Kingdom,198,4709.5,342,7,1 (x103),1,07/01/1985,"Stevenage, England",7,39,19:07:38,1:34.722,205.688
Bahrain,8,81,Oscar Piastri,McLaren Mercedes,57,+56.082s,4,https://media.formula1.com/image/upload/f_auto/q_auto/v1677244974/content/dam/fom-website/2018-redesign-assets/Flags%2016x9/australia-flag.png,McLaren,Australia,3,184.0,32,0,2 (x2),2,06/04/2001,"Melbourne, Victoria",11,39,19:07:42,1:34.983,205.123
Bahrain,9,14,Fernando Alonso,Aston Martin Aramco Mercedes,57,+74.887s,2,https://media.formula1.com/image/upload/f_auto/q_auto/v1677244972/content/dam/fom-website/2018-redesign-assets/Flags%2016x9/spain-flag.png,Aston Martin,Spain,106,2308.0,390,2,1 (x32),1,29/07/1981,"Oviedo, Spain",3,48,19:22:26,1:34.199,206.83
Bahrain,10,18,Lance Stroll,Aston Martin Aramco Mercedes,57,+93.216s,1,https://media.formula1.com/image/upload/content/dam/fom-website/2018-redesign-assets/Flags%2016x9/canada-flag.png,Aston Martin,Canada,3,285.0,153,0,3 (x3),1,29/10/1998,"Montreal, Canada",16,30,18:53:35,1:35.632,203.73
Bahrain,11,24,Zhou Guanyu,Kick Sauber Ferrari,56,+1 lap,0,https://media.formula1.com/image/upload/f_auto/q_auto/v1677244974/content/dam/fom-website/2018-redesign-assets/Flags%2016x9/china-flag.png,Kick Sauber,China,0,12.0,54,0,8 (x1),5,30/05/1999,"Shanghai, China",14,30,18:53:34,1:35.458,204.102
Bahrain,12,20,Kevin Magnussen,Haas Ferrari,56,+1 lap,0,https://media.formula1.com/image/upload/content/dam/fom-website/2018-redesign-assets/Flags%2016x9/denmark-flag.png,Haas,Denmark,1,187.0,174,0,2 (x1),4,05/10/1992,"Roskilde, Denmark",15,34,19:00:11,1:35.570,203.863
Bahrain,13,3,Daniel Ricciardo,RB Honda RBPT,56,+1 lap,0,https://media.formula1.com/image/upload/content/dam/fom-website/2018-redesign-assets/Flags%2016x9/australia-flag.png,RB,Australia,32,1326.0,249,0,1 (x8),1,01/07/1989,"Perth, Australia",13,37,19:05:08,1:35.163,204.735
Bahrain,14,22,Yuki Tsunoda,RB Honda RBPT,56,+1 lap,0,https://media.formula1.com/image/upload/content/dam/fom-website/2018-redesign-assets/Flags%2016x9/japan-flag.png,RB,Japan,0,80.0,76,0,4 (x1),6,11/05/2000,"Sagamihara, Japan",18,37,19:04:59,1:35.833,203.303
Bahrain,15,23,Alexander Albon,Williams Mercedes,56,+1 lap,0,https://media.formula1.com/image/upload/f_auto/q_auto/v1677244974/content/dam/fom-website/2018-redesign-assets/Flags%2016x9/thailand-flag.png,Williams,Thailand,2,230.0,91,0,3 (x2),4,23/03/1996,"London, England",17,40,19:09:57,1:35.723,203.537
Bahrain,16,27,Nico Hulkenberg,Haas Ferrari,56,+1 lap,0,https://media.formula1.com/image/upload/f_auto/q_auto/v1677244972/content/dam/fom-website/2018-redesign-assets/Flags%2016x9/germany-flag.png,Haas,Germany,0,536.0,216,0,4 (x3),1,19/08/1987,"Emmerich am Rhein, Germany",10,46,19:19:49,1:34.834,205.445
Bahrain,17,31,Esteban Ocon,Alpine Renault,56,+1 lap,0,https://media.formula1.com/image/upload/content/dam/fom-website/2018-redesign-assets/Flags%2016x9/france-flag.png,Alpine,France,3,425.0,143,0,1 (x1),3,17/09/1996,"Évreux, Normandy",20,34,19:00:21,1:36.226,202.473
Bahrain,18,10,Pierre Gasly,Alpine Renault,56,+1 lap,0,https://media.formula1.com/image/upload/f_auto/q_auto/v1677244973/content/dam/fom-website/2018-redesign-assets/Flags%2016x9/france-flag.png,Alpine,France,4,399.0,140,0,1 (x1),2,07/02/1996,"Rouen, France",9,45,19:18:28,1:34.805,205.508
Bahrain,19,77,Valtteri Bottas,Kick Sauber Ferrari,56,+1 lap,0,https://media.formula1.com/image/upload/content/dam/fom-website/2018-redesign-assets/Flags%2016x9/finland-flag.png,Kick Sauber,Finland,67,1797.0,232,0,1 (x10),1,28/08/1989,"Nastola, Finland",19,33,18:59:37,1:36.202,202.523
Bahrain,20,2,Logan Sargeant,Williams Mercedes,55,+2 laps,0,https://media.formula1.com/image/upload/f_auto/q_auto/v1677250024/content/dam/fom-website/2018-redesign-assets/Flags%2016x9/united-states-flag.png,Williams,United States,0,1.0,31,0,10 (x1),6,31/12/2000,"Fort Lauderdale, Florida",8,42,19:14:58,1:34.735,205.659
Saudi Arabia,1,1,Max Verstappen,Red Bull Racing Honda RBPT,50,1:20:43.273,25,https://media.formula1.com/image/upload/content/dam/fom-website/2018-redesign-assets/Flags%2016x9/netherlands-flag.png,Red Bull Racing,Netherlands,106,2805.5,195,3,1 (x61),1,30/09/1997,"Hasselt, Belgium",3,50,21:24:42,1:31.773,242.188
Saudi Arabia,2,11,Sergio Perez,Red Bull Racing Honda RBPT,50,+13.643s,18,https://media.formula1.com/image/upload/content/dam/fom-website/2018-redesign-assets/Flags%2016x9/mexico-flag.png,Red Bull Racing,Mexico,39,1597.0,268,0,1 (x6),1,26/01/1990,"Guadalajara, Mexico",8,37,21:04:47,1:32.273,240.876
Saudi Arabia,3,16,Charles Leclerc,Ferrari,50,+18.639s,16,https://media.formula1.com/image/upload/content/dam/fom-website/2018-redesign-assets/Flags%2016x9/monaco-flag.png,Ferrari,Monaco,35,1222.0,135,0,1 (x6),1,16/10/1997,"Monte Carlo, Monaco",1,50,21:25:00,1:31.632,242.561
Saudi Arabia,4,81,Oscar Piastri,McLaren Mercedes,50,+32.007s,12,https://media.formula1.com/image/upload/f_auto/q_auto/v1677244974/content/dam/fom-website/2018-redesign-assets/Flags%2016x9/australia-flag.png,McLaren,Australia,3,184.0,32,0,2 (x2),2,06/04/2001,"Melbourne, Victoria",10,45,21:17:31,1:32.310,240.779
Saudi Arabia,5,14,Fernando Alonso,Aston Martin Aramco Mercedes,50,+35.759s,10,https://media.formula1.com/image/upload/f_auto/q_auto/v1677244972/content/dam/fom-website/2018-redesign-assets/Flags%2016x9/spain-flag.png,Aston Martin,Spain,106,2308.0,390,2,1 (x32),1,29/07/1981,"Oviedo, Spain",13,43,21:14:30,1:32.387,240.579
Saudi Arabia,6,63,George Russell,Mercedes,50,+39.936s,8,https://media.formula1.com/image/upload/content/dam/fom-website/2018-redesign-assets/Flags%2016x9/united-kingdom-flag.png,Mercedes,United Kingdom,12,550.0,114,0,1 (x1),1,15/02/1998,"King's Lynn, England",7,42,21:12:58,1:32.254,240.926
Saudi Arabia,8,4,Lando Norris,McLaren Mercedes,50,+45.708s,4,https://media.formula1.com/image/upload/content/dam/fom-website/2018-redesign-assets/Flags%2016x9/united-kingdom-flag.png,McLaren,United Kingdom,19,783.0,114,0,1 (x1),1,13/11/1999,"Bristol, England",4,40,21:10:04,1:31.944,241.738
Saudi Arabia,9,44,Lewis Hamilton,Mercedes,50,+47.391s,2,https://media.formula1.com/image/upload/content/dam/fom-website/2018-redesign-assets/Flags%2016x9/united-kingdom-flag.png,Mercedes,United Kingdom,198,4709.5,342,7,1 (x103),1,07/01/1985,"Stevenage, England",2,38,21:07:01,1:31.746,242.26
Saudi Arabia,10,27,Nico Hulkenberg,Haas Ferrari,50,+76.996s,1,https://media.formula1.com/image/upload/f_auto/q_auto/v1677244972/content/dam/fom-website/2018-redesign-assets/Flags%2016x9/germany-flag.png,Haas,Germany,0,536.0,216,0,4 (x3),1,19/08/1987,"Emmerich am Rhein, Germany",12,49,21:24:26,1:32.366,240.633
Saudi Arabia,11,23,Alexander Albon,Williams Mercedes,50,+88.354s,0,https://media.formula1.com/image/upload/f_auto/q_auto/v1677244974/content/dam/fom-website/2018-redesign-assets/Flags%2016x9/thailand-flag.png,Williams,Thailand,2,230.0,91,0,3 (x2),4,23/03/1996,"London, England",9,50,21:26:10,1:32.307,240.787
Saudi Arabia,12,20,Kevin Magnussen,Haas Ferrari,50,+105.737s,0,https://media.formula1.com/image/upload/content/dam/fom-website/2018-redesign-assets/Flags%2016x9/denmark-flag.png,Haas,Denmark,1,187.0,174,0,2 (x1),4,05/10/1992,"Roskilde, Denmark",11,47,21:21:26,1:32.338,240.706
Saudi Arabia,13,31,Esteban Ocon,Alpine Renault,49,+1 lap,0,https://media.formula1.com/image/upload/content/dam/fom-website/2018-redesign-assets/Flags%2016x9/france-flag.png,Alpine,France,3,425.0,143,0,1 (x1),3,17/09/1996,"Évreux, Normandy",17,48,21:23:12,1:33.481,237.763
Saudi Arabia,14,2,Logan Sargeant,Williams Mercedes,49,+1 lap,0,https://media.formula1.com/image/upload/f_auto/q_auto/v1677250024/content/dam/fom-website/2018-redesign-assets/Flags%2016x9/united-states-flag.png,Williams,United States,0,1.0,31,0,10 (x1),6,31/12/2000,"Fort Lauderdale, Florida",15,49,21:24:49,1:33.026,238.926
Saudi Arabia,15,22,Yuki Tsunoda,RB Honda RBPT,49,+1 lap,0,https://media.formula1.com/image/upload/content/dam/fom-website/2018-redesign-assets/Flags%2016x9/japan-flag.png,RB,Japan,0,80.0,76,0,4 (x1),6,11/05/2000,"Sagamihara, Japan",18,44,21:16:58,1:33.523,237.657
Saudi Arabia,16,3,Daniel Ricciardo,RB Honda RBPT,49,+1 lap,0,https://media.formula1.com/image/upload/content/dam/fom-website/2018-redesign-assets/Flags%2016x9/australia-flag.png,RB,Australia,32,1326.0,249,0,1 (x8),1,01/07/1989,"Perth, Australia",16,47,21:21:43,1:33.323,238.166
Saudi Arabia,17,77,Valtteri Bottas,Kick Sauber Ferrari,49,+1 lap,0,https://media.formula1.com/image/upload/content/dam/fom-website/2018-redesign-assets/Flags%2016x9/finland-flag.png,Kick Sauber,Finland,67,1797.0,232,0,1 (x10),1,28/08/1989,"Nastola, Finland",14,49,21:25:05,1:32.706,239.751
Saudi Arabia,18,24,Zhou Guanyu,Kick Sauber Ferrari,49,+1 lap,0,https://media.formula1.com/image/upload/f_auto/q_auto/v1677244974/content/dam/fom-website/2018-redesign-assets/Flags%2016x9/china-flag.png,Kick Sauber,China,0,12.0,54,0,8 (x1),5,30/05/1999,"Shanghai, China",6,49,21:25:11,1:32.208,241.046
Saudi Arabia,NC,18,Lance Stroll,Aston Martin Aramco Mercedes,5,DNF,0,https://media.formula1.com/image/upload/content/dam/fom-website/2018-redesign-assets/Flags%2016x9/canada-flag.png,Aston Martin,Canada,3,285.0,153,0,3 (x3),1,29/10/1998,"Montreal, Canada",19,5,20:12:04,1:35.560,232.591
Australia,1,55,Carlos Sainz,Ferrari,58,1:20:26.843,25,https://media.formula1.com/image/upload/content/dam/fom-website/2018-redesign-assets/Flags%2016x9/spain-flag.png,Ferrari,Spain,22,1098.5,194,0,1 (x3),1,01/09/1994,"Madrid, Spain",3,48,16:09:42,1:20.031,237.418
Australia,2,16,Charles Leclerc,Ferrari,58,+2.366s,19,https://media.formula1.com/image/upload/content/dam/fom-website/2018-redesign-assets/Flags%2016x9/monaco-flag.png,Ferrari,Monaco,35,1222.0,135,0,1 (x6),1,16/10/1997,"Monte Carlo, Monaco",1,56,16:20:30,1:19.813,238.066
Australia,3,4,Lando Norris,McLaren Mercedes,58,+5.904s,15,https://media.formula1.com/image/upload/content/dam/fom-website/2018-redesign-assets/Flags%2016x9/united-kingdom-flag.png,McLaren,United Kingdom,19,783.0,114,0,1 (x1),1,13/11/1999,"Bristol, England",2,49,16:11:12,1:19.915,237.762
Australia,4,81,Oscar Piastri,McLaren Mercedes,58,+35.770s,12,https://media.formula1.com/image/upload/f_auto/q_auto/v1677244974/content/dam/fom-website/2018-redesign-assets/Flags%2016x9/australia-flag.png,McLaren,Australia,3,184.0,32,0,2 (x2),2,06/04/2001,"Melbourne, Victoria",4,54,16:18:04,1:20.199,236.92
Australia,5,11,Sergio Perez,Red Bull Racing Honda RBPT,58,+56.309s,10,https://media.formula1.com/image/upload/content/dam/fom-website/2018-redesign-assets/Flags%2016x9/mexico-flag.png,Red Bull Racing,Mexico,39,1597.0,268,0,1 (x6),1,26/01/1990,"Guadalajara, Mexico",6,47,16:08:52,1:20.388,236.363
Australia,6,18,Lance Stroll,Aston Martin Aramco Mercedes,58,+93.222s,8,https://media.formula1.com/image/upload/content/dam/fom-website/2018-redesign-assets/Flags%2016x9/canada-flag.png,Aston Martin,Canada,3,285.0,153,0,3 (x3),1,29/10/1998,"Montreal, Canada",8,49,16:12:01,1:20.930,234.78
Australia,7,22,Yuki Tsunoda,RB Honda RBPT,58,+95.601s,6,https://media.formula1.com/image/upload/content/dam/fom-website/2018-redesign-assets/Flags%2016x9/japan-flag.png,RB,Japan,0,80.0,76,0,4 (x1),6,11/05/2000,"Sagamihara, Japan",11,46,16:08:01,1:21.134,234.19
Australia,8,14,Fernando Alonso,Aston Martin Aramco Mercedes,58,+100.992s,4,https://media.formula1.com/image/upload/f_auto/q_auto/v1677244972/content/dam/fom-website/2018-redesign-assets/Flags%2016x9/spain-flag.png,Aston Martin,Spain,106,2308.0,390,2,1 (x32),1,29/07/1981,"Oviedo, Spain",7,52,16:15:52,1:20.493,236.055
Australia,9,27,Nico Hulkenberg,Haas Ferrari,58,+104.553s,2,https://media.formula1.com/image/upload/f_auto/q_auto/v1677244972/content/dam/fom-website/2018-redesign-assets/Flags%2016x9/germany-flag.png,Haas,Germany,0,536.0,216,0,4 (x3),1,19/08/1987,"Emmerich am Rhein, Germany",12,46,16:08:02,1:21.145,234.158
Australia,10,20,Kevin Magnussen,Haas Ferrari,57,+1 lap,1,https://media.formula1.com/image/upload/content/dam/fom-website/2018-redesign-assets/Flags%2016x9/denmark-flag.png,Haas,Denmark,1,187.0,174,0,2 (x1),4,05/10/1992,"Roskilde, Denmark",9,44,16:05:23,1:21.082,234.34
Australia,11,23,Alexander Albon,Williams Mercedes,57,+1 lap,0,https://media.formula1.com/image/upload/f_auto/q_auto/v1677244974/content/dam/fom-website/2018-redesign-assets/Flags%2016x9/thailand-flag.png,Williams,Thailand,2,230.0,91,0,3 (x2),4,23/03/1996,"London, England",17,46,16:08:08,1:21.618,232.801
Australia,12,3,Daniel Ricciardo,RB Honda RBPT,57,+1 lap,0,https://media.formula1.com/image/upload/content/dam/fom-website/2018-redesign-assets/Flags%2016x9/australia-flag.png,RB,Australia,32,1326.0,249,0,1 (x8),1,01/07/1989,"Perth, Australia",13,46,16:08:12,1:21.239,233.887
Australia,13,10,Pierre Gasly,Alpine Renault,57,+1 lap,0,https://media.formula1.com/image/upload/f_auto/q_auto/v1677244973/content/dam/fom-website/2018-redesign-assets/Flags%2016x9/france-flag.png,Alpine,France,4,399.0,140,0,1 (x1),2,07/02/1996,"Rouen, France",10,51,16:15:20,1:21.090,234.317
Australia,14,77,Valtteri Bottas,Kick Sauber Ferrari,57,+1 lap,0,https://media.formula1.com/image/upload/content/dam/fom-website/2018-redesign-assets/Flags%2016x9/finland-flag.png,Kick Sauber,Finland,67,1797.0,232,0,1 (x10),1,28/08/1989,"Nastola, Finland",16,48,16:11:19,1:21.422,233.361
Australia,15,24,Zhou Guanyu,Kick Sauber Ferrari,57,+1 lap,0,https://media.formula1.com/image/upload/f_auto/q_auto/v1677244974/content/dam/fom-website/2018-redesign-assets/Flags%2016x9/china-flag.png,Kick Sauber,China,0,12.0,54,0,8 (x1),5,30/05/1999,"Shanghai, China",14,49,16:12:44,1:21.327,233.634
Australia,16,31,Esteban Ocon,Alpine Renault,57,+1 lap,0,https://media.formula1.com/image/upload/content/dam/fom-website/2018-redesign-assets/Flags%2016x9/france-flag.png,Alpine,France,3,425.0,143,0,1 (x1),3,17/09/1996,"Évreux, Normandy",15,45,16:07:18,1:21.354,233.557
Australia,17,63,George Russell,Mercedes,56,DNF,0,https://media.formula1.com/image/upload/content/dam/fom-website/2018-redesign-assets/Flags%2016x9/united-kingdom-flag.png,Mercedes,United Kingdom,12,550.0,114,0,1 (x1),1,15/02/1998,"King's Lynn, England",5,53,16:17:14,1:20.284,236.669
Australia,NC,44,Lewis Hamilton,Mercedes,15,DNF,0,https://media.formula1.com/image/upload/content/dam/fom-website/2018-redesign-assets/Flags%2016x9/united-kingdom-flag.png,Mercedes,United Kingdom,198,4709.5,342,7,1 (x103),1,07/01/1985,"Stevenage, England",18,11,15:18:57,1:22.444,230.469
Australia,NC,1,Max Verstappen,Red Bull Racing Honda RBPT,3,DNF,0,https://media.formula1.com/image/upload/content/dam/fom-website/2018-redesign-assets/Flags%2016x9/netherlands-flag.png,Red Bull Racing,Netherlands,106,2805.5,195,3,1 (x61),1,30/09/1997,"Hasselt, Belgium",19,3,15:07:26,1:23.115,228.608
Japan,1,1,Max Verstappen,Red Bull Racing Honda RBPT,53,1:54:23.566,26,https://media.formula1.com/image/upload/content/dam/fom-website/2018-redesign-assets/Flags%2016x9/netherlands-flag.png,Red Bull Racing,Netherlands,106,2805.5,195,3,1 (x61),1,30/09/1997,"Hasselt, Belgium",1,50,15:53:20,1:33.706,223.093
Japan,2,11,Sergio Perez,Red Bull Racing Honda RBPT,53,+12.535s,18,https://media.formula1.com/image/upload/content/dam/fom-website/2018-redesign-assets/Flags%2016x9/mexico-flag.png,Red Bull Racing,Mexico,39,1597.0,268,0,1 (x6),1,26/01/1990,"Guadalajara, Mexico",3,35,15:29:48,1:33.945,222.525
Japan,3,55,Carlos Sainz,Ferrari,53,+20.866s,15,https://media.formula1.com/image/upload/content/dam/fom-website/2018-redesign-assets/Flags%2016x9/spain-flag.png,Ferrari,Spain,22,1098.5,194,0,1 (x3),1,01/09/1994,"Madrid, Spain",2,46,15:47:21,1:33.841,222.772
Japan,4,16,Charles Leclerc,Ferrari,53,+26.522s,12,https://media.formula1.com/image/upload/content/dam/fom-website/2018-redesign-assets/Flags%2016x9/monaco-flag.png,Ferrari,Monaco,35,1222.0,135,0,1 (x6),1,16/10/1997,"Monte Carlo, Monaco",9,53,15:58:31,1:35.044,219.952
Japan,5,4,Lando Norris,McLaren Mercedes,53,+29.700s,10,https://media.formula1.com/image/upload/content/dam/fom-website/2018-redesign-assets/Flags%2016x9/united-kingdom-flag.png,McLaren,United Kingdom,19,783.0,114,0,1 (x1),1,13/11/1999,"Bristol, England",10,51,15:55:23,1:35.186,219.624
Japan,6,14,Fernando Alonso,Aston Martin Aramco Mercedes,53,+44.272s,8,https://media.formula1.com/image/upload/f_auto/q_auto/v1677244972/content/dam/fom-website/2018-redesign-assets/Flags%2016x9/spain-flag.png,Aston Martin,Spain,106,2308.0,390,2,1 (x32),1,29/07/1981,"Oviedo, Spain",6,53,15:58:49,1:34.726,220.691
Japan,7,63,George Russell,Mercedes,53,+45.951s,6,https://media.formula1.com/image/upload/content/dam/fom-website/2018-redesign-assets/Flags%2016x9/united-kingdom-flag.png,Mercedes,United Kingdom,12,550.0,114,0,1 (x1),1,15/02/1998,"King's Lynn, England",5,39,15:36:37,1:34.404,221.444
Japan,8,81,Oscar Piastri,McLaren Mercedes,53,+47.525s,4,https://media.formula1.com/image/upload/f_auto/q_auto/v1677244974/content/dam/fom-website/2018-redesign-assets/Flags%2016x9/australia-flag.png,McLaren,Australia,3,184.0,32,0,2 (x2),2,06/04/2001,"Melbourne, Victoria",7,35,15:30:07,1:34.802,220.514
Japan,9,44,Lewis Hamilton,Mercedes,53,+48.626s,2,https://media.formula1.com/image/upload/content/dam/fom-website/2018-redesign-assets/Flags%2016x9/united-kingdom-flag.png,Mercedes,United Kingdom,198,4709.5,342,7,1 (x103),1,07/01/1985,"Stevenage, England",4,41,15:39:55,1:33.952,222.509
Japan,10,22,Yuki Tsunoda,RB Honda RBPT,52,+1 lap,1,https://media.formula1.com/image/upload/content/dam/fom-website/2018-redesign-assets/Flags%2016x9/japan-flag.png,RB,Japan,0,80.0,76,0,4 (x1),6,11/05/2000,"Sagamihara, Japan",14,51,15:56:28,1:36.342,216.989
Japan,11,27,Nico Hulkenberg,Haas Ferrari,52,+1 lap,0,https://media.formula1.com/image/upload/f_auto/q_auto/v1677244972/content/dam/fom-website/2018-redesign-assets/Flags%2016x9/germany-flag.png,Haas,Germany,0,536.0,216,0,4 (x3),1,19/08/1987,"Emmerich am Rhein, Germany",11,52,15:58:12,1:35.325,219.304
Japan,12,18,Lance Stroll,Aston Martin Aramco Mercedes,52,+1 lap,0,https://media.formula1.com/image/upload/content/dam/fom-website/2018-redesign-assets/Flags%2016x9/canada-flag.png,Aston Martin,Canada,3,285.0,153,0,3 (x3),1,29/10/1998,"Montreal, Canada",12,41,15:40:30,1:35.798,218.221
Japan,13,20,Kevin Magnussen,Haas Ferrari,52,+1 lap,0,https://media.formula1.com/image/upload/content/dam/fom-website/2018-redesign-assets/Flags%2016x9/denmark-flag.png,Haas,Denmark,1,187.0,174,0,2 (x1),4,05/10/1992,"Roskilde, Denmark",17,24,15:12:43,1:36.654,216.289
Japan,14,77,Valtteri Bottas,Kick Sauber Ferrari,52,+1 lap,0,https://media.formula1.com/image/upload/content/dam/fom-website/2018-redesign-assets/Flags%2016x9/finland-flag.png,Kick Sauber,Finland,67,1797.0,232,0,1 (x10),1,28/08/1989,"Nastola, Finland",15,25,15:14:21,1:36.608,216.392
Japan,15,31,Esteban Ocon,Alpine Renault,52,+1 lap,0,https://media.formula1.com/image/upload/content/dam/fom-website/2018-redesign-assets/Flags%2016x9/france-flag.png,Alpine,France,3,425.0,143,0,1 (x1),3,17/09/1996,"Évreux, Normandy",13,52,15:58:46,1:36.232,217.237
Japan,16,10,Pierre Gasly,Alpine Renault,52,+1 lap,0,https://media.formula1.com/image/upload/f_auto/q_auto/v1677244973/content/dam/fom-website/2018-redesign-assets/Flags%2016x9/france-flag.png,Alpine,France,4,399.0,140,0,1 (x1),2,07/02/1996,"Rouen, France",16,48,15:52:25,1:36.642,216.315
Japan,17,2,Logan Sargeant,Williams Mercedes,52,+1 lap,0,https://media.formula1.com/image/upload/f_auto/q_auto/v1677250024/content/dam/fom-website/2018-redesign-assets/Flags%2016x9/united-states-flag.png,Williams,United States,0,1.0,31,0,10 (x1),6,31/12/2000,"Fort Lauderdale, Florida",8,43,15:44:56,1:34.900,220.286
Japan,NC,24,Zhou Guanyu,Kick Sauber Ferrari,12,DNF,0,https://media.formula1.com/image/upload/f_auto/q_auto/v1677244974/content/dam/fom-website/2018-redesign-assets/Flags%2016x9/china-flag.png,Kick Sauber,China,0,12.0,54,0,8 (x1),5,30/05/1999,"Shanghai, China",18,9,14:47:44,1:37.160,215.162
China,1,1,Max Verstappen,Red Bull Racing Honda RBPT,56,1:40:52.554,25,https://media.formula1.com/image/upload/content/dam/fom-website/2018-redesign-assets/Flags%2016x9/netherlands-flag.png,Red Bull Racing,Netherlands,106,2805.5,195,3,1 (x61),1,30/09/1997,"Hasselt, Belgium",2,33,16:06:26,1:38.406,199.414
China,2,4,Lando Norris,McLaren Mercedes,56,+13.773s,18,https://media.formula1.com/image/upload/content/dam/fom-website/2018-redesign-assets/Flags%2016x9/united-kingdom-flag.png,McLaren,United Kingdom,19,783.0,114,0,1 (x1),1,13/11/1999,"Bristol, England",4,33,16:06:27,1:38.751,198.717
China,3,11,Sergio Perez,Red Bull Racing Honda RBPT,56,+19.160s,15,https://media.formula1.com/image/upload/content/dam/fom-website/2018-redesign-assets/Flags%2016x9/mexico-flag.png,Red Bull Racing,Mexico,39,1597.0,268,0,1 (x6),1,26/01/1990,"Guadalajara, Mexico",7,33,16:06:30,1:39.388,197.444
China,4,16,Charles Leclerc,Ferrari,56,+23.623s,12,https://media.formula1.com/image/upload/content/dam/fom-website/2018-redesign-assets/Flags%2016x9/monaco-flag.png,Ferrari,Monaco,35,1222.0,135,0,1 (x6),1,16/10/1997,"Monte Carlo, Monaco",6,33,16:06:29,1:39.384,197.452
China,5,55,Carlos Sainz,Ferrari,56,+33.983s,10,https://media.formula1.com/image/upload/content/dam/fom-website/2018-redesign-assets/Flags%2016x9/spain-flag.png,Ferrari,Spain,22,1098.5,194,0,1 (x3),1,01/09/1994,"Madrid, Spain",10,19,15:36:29,1:39.764,196.7
China,6,63,George Russell,Mercedes,56,+38.724s,8,https://media.formula1.com/image/upload/content/dam/fom-website/2018-redesign-assets/Flags%2016x9/united-kingdom-flag.png,Mercedes,United Kingdom,12,550.0,114,0,1 (x1),1,15/02/1998,"King's Lynn, England",11,39,16:16:37,1:40.112,196.016
China,7,14,Fernando Alonso,Aston Martin Aramco Mercedes,56,+43.414s,7,https://media.formula1.com/image/upload/f_auto/q_auto/v1677244972/content/dam/fom-website/2018-redesign-assets/Flags%2016x9/spain-flag.png,Aston Martin,Spain,106,2308.0,390,2,1 (x32),1,29/07/1981,"Oviedo, Spain",1,45,16:26:55,1:37.810,200.629
China,8,81,Oscar Piastri,McLaren Mercedes,56,+56.198s,4,https://media.formula1.com/image/upload/f_auto/q_auto/v1677244974/content/dam/fom-website/2018-redesign-assets/Flags%2016x9/australia-flag.png,McLaren,Australia,3,184.0,32,0,2 (x2),2,06/04/2001,"Melbourne, Victoria",9,18,15:34:44,1:39.739,196.749
China,9,44,Lewis Hamilton,Mercedes,56,+57.986s,2,https://media.formula1.com/image/upload/content/dam/fom-website/2018-redesign-assets/Flags%2016x9/united-kingdom-flag.png,Mercedes,United Kingdom,198,4709.5,342,7,1 (x103),1,07/01/1985,"Stevenage, England",14,34,16:08:18,1:40.835,194.61
China,10,27,Nico Hulkenberg,Haas Ferrari,56,+60.476s,1,https://media.formula1.com/image/upload/f_auto/q_auto/v1677244972/content/dam/fom-website/2018-redesign-assets/Flags%2016x9/germany-flag.png,Haas,Germany,0,536.0,216,0,4 (x3),1,19/08/1987,"Emmerich am Rhein, Germany",13,32,16:04:55,1:40.815,194.649
China,11,31,Esteban Ocon,Alpine Renault,56,+62.812s,0,https://media.formula1.com/image/upload/content/dam/fom-website/2018-redesign-assets/Flags%2016x9/france-flag.png,Alpine,France,3,425.0,143,0,1 (x1),3,17/09/1996,"Évreux, Normandy",15,33,16:06:38,1:40.937,194.414
China,12,23,Alexander Albon,Williams Mercedes,56,+65.506s,0,https://media.formula1.com/image/upload/f_auto/q_auto/v1677244974/content/dam/fom-website/2018-redesign-assets/Flags%2016x9/thailand-flag.png,Williams,Thailand,2,230.0,91,0,3 (x2),4,23/03/1996,"London, England",12,34,16:08:20,1:40.790,194.697
China,13,10,Pierre Gasly,Alpine Renault,56,+69.223s,0,https://media.formula1.com/image/upload/f_auto/q_auto/v1677244973/content/dam/fom-website/2018-redesign-assets/Flags%2016x9/france-flag.png,Alpine,France,4,399.0,140,0,1 (x1),2,07/02/1996,"Rouen, France",5,40,16:18:50,1:39.198,197.822
China,14,24,Zhou Guanyu,Kick Sauber Ferrari,56,+71.689s,0,https://media.formula1.com/image/upload/f_auto/q_auto/v1677244974/content/dam/fom-website/2018-redesign-assets/Flags%2016x9/china-flag.png,Kick Sauber,China,0,12.0,54,0,8 (x1),5,30/05/1999,"Shanghai, China",3,42,16:22:15,1:38.633,198.955
China,15,18,Lance Stroll,Aston Martin Aramco Mercedes,56,+82.786s,0,https://media.formula1.com/image/upload/content/dam/fom-website/2018-redesign-assets/Flags%2016x9/canada-flag.png,Aston Martin,Canada,3,285.0,153,0,3 (x3),1,29/10/1998,"Montreal, Canada",8,37,16:14:01,1:39.444,197.333
China,16,20,Kevin Magnussen,Haas Ferrari,56,+87.533s,0,https://media.formula1.com/image/upload/content/dam/fom-website/2018-redesign-assets/Flags%2016x9/denmark-flag.png,Haas,Denmark,1,187.0,174,0,2 (x1),4,05/10/1992,"Roskilde, Denmark",18,45,16:27:03,1:41.077,194.145
China,17,2,Logan Sargeant,Williams Mercedes,56,+95.110s,0,https://media.formula1.com/image/upload/f_auto/q_auto/v1677250024/content/dam/fom-website/2018-redesign-assets/Flags%2016x9/united-states-flag.png,Williams,United States,0,1.0,31,0,10 (x1),6,31/12/2000,"Fort Lauderdale, Florida",17,14,15:28:17,1:41.000,194.293
China,NC,3,Daniel Ricciardo,RB Honda RBPT,33,DNF,0,https://media.formula1.com/image/upload/content/dam/fom-website/2018-redesign-assets/Flags%2016x9/australia-flag.png,RB,Australia,32,1326.0,249,0,1 (x8),1,01/07/1989,"Perth, Australia",16,16,15:31:36,1:40.994,194.304
China,NC,22,Yuki Tsunoda,RB Honda RBPT,26,DNF,0,https://media.formula1.com/image/upload/content/dam/fom-website/2018-redesign-assets/Flags%2016x9/japan-flag.png,RB,Japan,0,80.0,76,0,4 (x1),6,11/05/2000,"Sagamihara, Japan",20,11,15:23:00,1:41.593,193.158
China,NC,77,Valtteri Bottas,Kick Sauber Ferrari,19,DNF,0,https://media.formula1.com/image/upload/content/dam/fom-website/2018-redesign-assets/Flags%2016x9/finland-flag.png,Kick Sauber,Finland,67,1797.0,232,0,1 (x10),1,28/08/1989,"Nastola, Finland",19,11,15:22:56,1:41.276,193.763
Miami,1,4,Lando Norris,McLaren Mercedes,57,1:30:49.876,25,https://media.formula1.com/image/upload/content/dam/fom-website/2018-redesign-assets/Flags%2016x9/united-kingdom-flag.png,McLaren,United Kingdom,19,783.0,114,0,1 (x1),1,13/11/1999,"Bristol, England",5,55,17:31:10,1:30.980,214.148
Miami,2,1,Max Verstappen,Red Bull Racing Honda RBPT,57,+7.612s,18,https://media.formula1.com/image/upload/content/dam/fom-website/2018-redesign-assets/Flags%2016x9/netherlands-flag.png,Red Bull Racing,Netherlands,106,2805.5,195,3,1 (x61),1,30/09/1997,"Hasselt, Belgium",8,48,17:20:37,1:31.261,213.488
Miami,3,16,Charles Leclerc,Ferrari,57,+9.920s,15,https://media.formula1.com/image/upload/content/dam/fom-website/2018-redesign-assets/Flags%2016x9/monaco-flag.png,Ferrari,Monaco,35,1222.0,135,0,1 (x6),1,16/10/1997,"Monte Carlo, Monaco",6,56,17:32:51,1:31.084,213.903
Miami,4,11,Sergio Perez,Red Bull Racing Honda RBPT,57,+14.650s,12,https://media.formula1.com/image/upload/content/dam/fom-website/2018-redesign-assets/Flags%2016x9/mexico-flag.png,Red Bull Racing,Mexico,39,1597.0,268,0,1 (x6),1,26/01/1990,"Guadalajara, Mexico",3,55,17:31:25,1:30.855,214.442
Miami,5,55,Carlos Sainz,Ferrari,57,+16.407s,10,https://media.formula1.com/image/upload/content/dam/fom-website/2018-redesign-assets/Flags%2016x9/spain-flag.png,Ferrari,Spain,22,1098.5,194,0,1 (x3),1,01/09/1994,"Madrid, Spain",4,55,17:31:22,1:30.928,214.27
Miami,6,44,Lewis Hamilton,Mercedes,57,+16.585s,8,https://media.formula1.com/image/upload/content/dam/fom-website/2018-redesign-assets/Flags%2016x9/united-kingdom-flag.png,Mercedes,United Kingdom,198,4709.5,342,7,1 (x103),1,07/01/1985,"Stevenage, England",7,54,17:29:55,1:31.233,213.554
Miami,7,22,Yuki Tsunoda,RB Honda RBPT,57,+26.185s,6,https://media.formula1.com/image/upload/content/dam/fom-website/2018-redesign-assets/Flags%2016x9/japan-flag.png,RB,Japan,0,80.0,76,0,4 (x1),6,11/05/2000,"Sagamihara, Japan",10,55,17:31:35,1:31.682,212.508
Miami,8,63,George Russell,Mercedes,57,+34.789s,4,https://media.formula1.com/image/upload/content/dam/fom-website/2018-redesign-assets/Flags%2016x9/united-kingdom-flag.png,Mercedes,United Kingdom,12,550.0,114,0,1 (x1),1,15/02/1998,"King's Lynn, England",13,43,17:13:13,1:31.921,211.955
Miami,9,14,Fernando Alonso,Aston Martin Aramco Mercedes,57,+37.107s,2,https://media.formula1.com/image/upload/f_auto/q_auto/v1677244972/content/dam/fom-website/2018-redesign-assets/Flags%2016x9/spain-flag.png,Aston Martin,Spain,106,2308.0,390,2,1 (x32),1,29/07/1981,"Oviedo, Spain",11,55,17:31:46,1:31.727,212.404
Miami,10,31,Esteban Ocon,Alpine Renault,57,+39.746s,1,https://media.formula1.com/image/upload/content/dam/fom-website/2018-redesign-assets/Flags%2016x9/france-flag.png,Alpine,France,3,425.0,143,0,1 (x1),3,17/09/1996,"Évreux, Normandy",16,51,17:25:39,1:32.037,211.688
Miami,11,27,Nico Hulkenberg,Haas Ferrari,57,+40.789s,0,https://media.formula1.com/image/upload/f_auto/q_auto/v1677244972/content/dam/fom-website/2018-redesign-assets/Flags%2016x9/germany-flag.png,Haas,Germany,0,536.0,216,0,4 (x3),1,19/08/1987,"Emmerich am Rhein, Germany",14,56,17:33:22,1:31.941,211.909
Miami,12,10,Pierre Gasly,Alpine Renault,57,+44.958s,0,https://media.formula1.com/image/upload/f_auto/q_auto/v1677244973/content/dam/fom-website/2018-redesign-assets/Flags%2016x9/france-flag.png,Alpine,France,4,399.0,140,0,1 (x1),2,07/02/1996,"Rouen, France",17,56,17:33:26,1:32.055,211.647
Miami,13,81,Oscar Piastri,McLaren Mercedes,57,+49.756s,0,https://media.formula1.com/image/upload/f_auto/q_auto/v1677244974/content/dam/fom-website/2018-redesign-assets/Flags%2016x9/australia-flag.png,McLaren,Australia,3,184.0,32,0,2 (x2),2,06/04/2001,"Melbourne, Victoria",1,43,17:13:35,1:30.634,214.965
Miami,14,24,Zhou Guanyu,Kick Sauber Ferrari,57,+49.979s,0,https://media.formula1.com/image/upload/f_auto/q_auto/v1677244974/content/dam/fom-website/2018-redesign-assets/Flags%2016x9/china-flag.png,Kick Sauber,China,0,12.0,54,0,8 (x1),5,30/05/1999,"Shanghai, China",15,56,17:33:30,1:31.991,211.794
Miami,15,3,Daniel Ricciardo,RB Honda RBPT,57,+50.956s,0,https://media.formula1.com/image/upload/content/dam/fom-website/2018-redesign-assets/Flags%2016x9/australia-flag.png,RB,Australia,32,1326.0,249,0,1 (x8),1,01/07/1989,"Perth, Australia",19,57,17:35:04,1:32.122,211.493
Miami,16,77,Valtteri Bottas,Kick Sauber Ferrari,57,+52.356s,0,https://media.formula1.com/image/upload/content/dam/fom-website/2018-redesign-assets/Flags%2016x9/finland-flag.png,Kick Sauber,Finland,67,1797.0,232,0,1 (x10),1,28/08/1989,"Nastola, Finland",18,55,17:32:00,1:32.098,211.548
Miami,17,18,Lance Stroll,Aston Martin Aramco Mercedes,57,+55.173s,0,https://media.formula1.com/image/upload/content/dam/fom-website/2018-redesign-assets/Flags%2016x9/canada-flag.png,Aston Martin,Canada,3,285.0,153,0,3 (x3),1,29/10/1998,"Montreal, Canada",9,57,17:34:58,1:31.588,212.726
Miami,18,23,Alexander Albon,Williams Mercedes,57,+76.091s,0,https://media.formula1.com/image/upload/f_auto/q_auto/v1677244974/content/dam/fom-website/2018-redesign-assets/Flags%2016x9/thailand-flag.png,Williams,Thailand,2,230.0,91,0,3 (x2),4,23/03/1996,"London, England",2,55,17:32:26,1:30.849,214.456
Miami,19,20,Kevin Magnussen,Haas Ferrari,57,+84.683s,0,https://media.formula1.com/image/upload/content/dam/fom-website/2018-redesign-assets/Flags%2016x9/denmark-flag.png,Haas,Denmark,1,187.0,174,0,2 (x1),4,05/10/1992,"Roskilde, Denmark",12,33,16:58:09,1:31.774,212.295
Miami,NC,2,Logan Sargeant,Williams Mercedes,27,DNF,0,https://media.formula1.com/image/upload/f_auto/q_auto/v1677250024/content/dam/fom-website/2018-redesign-assets/Flags%2016x9/united-states-flag.png,Williams,United States,0,1.0,31,0,10 (x1),6,31/12/2000,"Fort Lauderdale, Florida",20,15,16:27:27,1:33.452,208.483
Emilia Romagna,1,1,Max Verstappen,Red Bull Racing Honda RBPT,63,1:25:25.252,25,https://media.formula1.com/image/upload/content/dam/fom-website/2018-redesign-assets/Flags%2016x9/netherlands-flag.png,Red Bull Racing,Netherlands,106,2805.5,195,3,1 (x61),1,30/09/1997,"Hasselt, Belgium",9,38,15:55:03,1:20.366,219.898
Emilia Romagna,2,4,Lando Norris,McLaren Mercedes,63,+0.725s,18,https://media.formula1.com/image/upload/content/dam/fom-website/2018-redesign-assets/Flags%2016x9/united-kingdom-flag.png,McLaren,United Kingdom,19,783.0,114,0,1 (x1),1,13/11/1999,"Bristol, England",6,54,16:16:38,1:19.994,220.921
Emilia Romagna,3,16,Charles Leclerc,Ferrari,63,+7.916s,15,https://media.formula1.com/image/upload/content/dam/fom-website/2018-redesign-assets/Flags%2016x9/monaco-flag.png,Ferrari,Monaco,35,1222.0,135,0,1 (x6),1,16/10/1997,"Monte Carlo, Monaco",5,27,15:40:25,1:19.935,221.084
Emilia Romagna,4,81,Oscar Piastri,McLaren Mercedes,63,+14.132s,12,https://media.formula1.com/image/upload/f_auto/q_auto/v1677244974/content/dam/fom-website/2018-redesign-assets/Flags%2016x9/australia-flag.png,McLaren,Australia,3,184.0,32,0,2 (x2),2,06/04/2001,"Melbourne, Victoria",4,25,15:37:45,1:19.907,221.162
Emilia Romagna,5,55,Carlos Sainz,Ferrari,63,+22.325s,10,https://media.formula1.com/image/upload/content/dam/fom-website/2018-redesign-assets/Flags%2016x9/spain-flag.png,Ferrari,Spain,22,1098.5,194,0,1 (x3),1,01/09/1994,"Madrid, Spain",7,63,16:29:04,1:20.220,220.299
Emilia Romagna,6,44,Lewis Hamilton,Mercedes,63,+35.104s,8,https://media.formula1.com/image/upload/content/dam/fom-website/2018-redesign-assets/Flags%2016x9/united-kingdom-flag.png,Mercedes,United Kingdom,198,4709.5,342,7,1 (x103),1,07/01/1985,"Stevenage, England",8,43,16:02:17,1:20.331,219.994
Emilia Romagna,7,63,George Russell,Mercedes,63,+47.154s,7,https://media.formula1.com/image/upload/content/dam/fom-website/2018-redesign-assets/Flags%2016x9/united-kingdom-flag.png,Mercedes,United Kingdom,12,550.0,114,0,1 (x1),1,15/02/1998,"King's Lynn, England",1,54,16:17:28,1:18.589,224.871
Emilia Romagna,8,11,Sergio Perez,Red Bull Racing Honda RBPT,63,+54.776s,4,https://media.formula1.com/image/upload/content/dam/fom-website/2018-redesign-assets/Flags%2016x9/mexico-flag.png,Red Bull Racing,Mexico,39,1597.0,268,0,1 (x6),1,26/01/1990,"Guadalajara, Mexico",3,52,16:14:50,1:19.686,221.775
Emilia Romagna,9,18,Lance Stroll,Aston Martin Aramco Mercedes,63,+79.556s,2,https://media.formula1.com/image/upload/content/dam/fom-website/2018-redesign-assets/Flags%2016x9/canada-flag.png,Aston Martin,Canada,3,285.0,153,0,3 (x3),1,29/10/1998,"Montreal, Canada",10,58,16:23:11,1:20.570,219.342
Emilia Romagna,10,22,Yuki Tsunoda,RB Honda RBPT,62,+1 lap,1,https://media.formula1.com/image/upload/content/dam/fom-website/2018-redesign-assets/Flags%2016x9/japan-flag.png,RB,Japan,0,80.0,76,0,4 (x1),6,11/05/2000,"Sagamihara, Japan",11,14,15:22:58,1:20.936,218.35
Emilia Romagna,11,27,Nico Hulkenberg,Haas Ferrari,62,+1 lap,0,https://media.formula1.com/image/upload/f_auto/q_auto/v1677244972/content/dam/fom-website/2018-redesign-assets/Flags%2016x9/germany-flag.png,Haas,Germany,0,536.0,216,0,4 (x3),1,19/08/1987,"Emmerich am Rhein, Germany",20,3,15:07:28,1:21.700,216.308
Emilia Romagna,12,20,Kevin Magnussen,Haas Ferrari,62,+1 lap,0,https://media.formula1.com/image/upload/content/dam/fom-website/2018-redesign-assets/Flags%2016x9/denmark-flag.png,Haas,Denmark,1,187.0,174,0,2 (x1),4,05/10/1992,"Roskilde, Denmark",12,58,16:23:41,1:21.009,218.153
Emilia Romagna,13,3,Daniel Ricciardo,RB Honda RBPT,62,+1 lap,0,https://media.formula1.com/image/upload/content/dam/fom-website/2018-redesign-assets/Flags%2016x9/australia-flag.png,RB,Australia,32,1326.0,249,0,1 (x8),1,01/07/1989,"Perth, Australia",19,13,15:21:40,1:21.569,216.655
Emilia Romagna,14,31,Esteban Ocon,Alpine Renault,62,+1 lap,0,https://media.formula1.com/image/upload/content/dam/fom-website/2018-redesign-assets/Flags%2016x9/france-flag.png,Alpine,France,3,425.0,143,0,1 (x1),3,17/09/1996,"Évreux, Normandy",16,37,15:54:52,1:21.304,217.361
Emilia Romagna,15,24,Zhou Guanyu,Kick Sauber Ferrari,62,+1 lap,0,https://media.formula1.com/image/upload/f_auto/q_auto/v1677244974/content/dam/fom-website/2018-redesign-assets/Flags%2016x9/china-flag.png,Kick Sauber,China,0,12.0,54,0,8 (x1),5,30/05/1999,"Shanghai, China",13,37,15:55:04,1:21.016,218.134
Emilia Romagna,16,10,Pierre Gasly,Alpine Renault,62,+1 lap,0,https://media.formula1.com/image/upload/f_auto/q_auto/v1677244973/content/dam/fom-website/2018-redesign-assets/Flags%2016x9/france-flag.png,Alpine,France,4,399.0,140,0,1 (x1),2,07/02/1996,"Rouen, France",17,10,15:17:37,1:21.371,217.183
Emilia Romagna,17,2,Logan Sargeant,Williams Mercedes,62,+1 lap,0,https://media.formula1.com/image/upload/f_auto/q_auto/v1677250024/content/dam/fom-website/2018-redesign-assets/Flags%2016x9/united-states-flag.png,Williams,United States,0,1.0,31,0,10 (x1),6,31/12/2000,"Fort Lauderdale, Florida",14,55,16:19:52,1:21.229,217.562
Emilia Romagna,18,77,Valtteri Bottas,Kick Sauber Ferrari,62,+1 lap,0,https://media.formula1.com/image/upload/content/dam/fom-website/2018-redesign-assets/Flags%2016x9/finland-flag.png,Kick Sauber,Finland,67,1797.0,232,0,1 (x10),1,28/08/1989,"Nastola, Finland",18,11,15:19:01,1:21.455,216.959
Emilia Romagna,19,14,Fernando Alonso,Aston Martin Aramco Mercedes,62,+1 lap,0,https://media.formula1.com/image/upload/f_auto/q_auto/v1677244972/content/dam/fom-website/2018-redesign-assets/Flags%2016x9/spain-flag.png,Aston Martin,Spain,106,2308.0,390,2,1 (x32),1,29/07/1981,"Oviedo, Spain",2,62,16:29:56,1:19.004,223.689
Emilia Romagna,NC,23,Alexander Albon,Williams Mercedes,51,DNF,0,https://media.formula1.com/image/upload/f_auto/q_auto/v1677244974/content/dam/fom-website/2018-redesign-assets/Flags%2016x9/thailand-flag.png,Williams,Thailand,2,230.0,91,0,3 (x2),4,23/03/1996,"London, England",15,48,16:12:08,1:21.274,217.442
Monaco,1,16,Charles Leclerc,Ferrari,78,2:23:15.554,25,https://media.formula1.com/image/upload/content/dam/fom-website/2018-redesign-assets/Flags%2016x9/monaco-flag.png,Ferrari,Monaco,35,1222.0,135,0,1 (x6),1,16/10/1997,"Monte Carlo, Monaco",6,71,17:17:29,1:15.162,159.83
Monaco,2,81,Oscar Piastri,McLaren Mercedes,78,+7.152s,18,https://media.formula1.com/image/upload/f_auto/q_auto/v1677244974/content/dam/fom-website/2018-redesign-assets/Flags%2016x9/australia-flag.png,McLaren,Australia,3,184.0,32,0,2 (x2),2,06/04/2001,"Melbourne, Victoria",11,73,17:20:10,1:16.281,157.486
Monaco,3,55,Carlos Sainz,Ferrari,78,+7.585s,15,https://media.formula1.com/image/upload/content/dam/fom-website/2018-redesign-assets/Flags%2016x9/spain-flag.png,Ferrari,Spain,22,1098.5,194,0,1 (x3),1,01/09/1994,"Madrid, Spain",5,62,17:06:08,1:14.726,160.763
Monaco,4,4,Lando Norris,McLaren Mercedes,78,+8.650s,12,https://media.formula1.com/image/upload/content/dam/fom-website/2018-redesign-assets/Flags%2016x9/united-kingdom-flag.png,McLaren,United Kingdom,19,783.0,114,0,1 (x1),1,13/11/1999,"Bristol, England",10,64,17:08:42,1:15.742,158.606
Monaco,5,63,George Russell,Mercedes,78,+13.309s,10,https://media.formula1.com/image/upload/content/dam/fom-website/2018-redesign-assets/Flags%2016x9/united-kingdom-flag.png,Mercedes,United Kingdom,12,550.0,114,0,1 (x1),1,15/02/1998,"King's Lynn, England",7,73,17:20:21,1:15.228,159.69
Monaco,6,1,Max Verstappen,Red Bull Racing Honda RBPT,78,+13.853s,8,https://media.formula1.com/image/upload/content/dam/fom-website/2018-redesign-assets/Flags%2016x9/netherlands-flag.png,Red Bull Racing,Netherlands,106,2805.5,195,3,1 (x61),1,30/09/1997,"Hasselt, Belgium",2,58,17:01:25,1:14.569,161.101
Monaco,7,44,Lewis Hamilton,Mercedes,78,+14.908s,7,https://media.formula1.com/image/upload/content/dam/fom-website/2018-redesign-assets/Flags%2016x9/united-kingdom-flag.png,Mercedes,United Kingdom,198,4709.5,342,7,1 (x103),1,07/01/1985,"Stevenage, England",1,63,17:07:47,1:14.165,161.979
Monaco,8,22,Yuki Tsunoda,RB Honda RBPT,77,+1 lap,4,https://media.formula1.com/image/upload/content/dam/fom-website/2018-redesign-assets/Flags%2016x9/japan-flag.png,RB,Japan,0,80.0,76,0,4 (x1),6,11/05/2000,"Sagamihara, Japan",4,77,17:27:06,1:14.720,160.776
Monaco,9,23,Alexander Albon,Williams Mercedes,77,+1 lap,2,https://media.formula1.com/image/upload/f_auto/q_auto/v1677244974/content/dam/fom-website/2018-redesign-assets/Flags%2016x9/thailand-flag.png,Williams,Thailand,2,230.0,91,0,3 (x2),4,23/03/1996,"London, England",14,77,17:27:20,1:17.060,155.894
Monaco,10,10,Pierre Gasly,Alpine Renault,77,+1 lap,1,https://media.formula1.com/image/upload/f_auto/q_auto/v1677244973/content/dam/fom-website/2018-redesign-assets/Flags%2016x9/france-flag.png,Alpine,France,4,399.0,140,0,1 (x1),2,07/02/1996,"Rouen, France",9,77,17:27:26,1:15.625,158.852
Monaco,11,14,Fernando Alonso,Aston Martin Aramco Mercedes,76,+2 laps,0,https://media.formula1.com/image/upload/f_auto/q_auto/v1677244972/content/dam/fom-website/2018-redesign-assets/Flags%2016x9/spain-flag.png,Aston Martin,Spain,106,2308.0,390,2,1 (x32),1,29/07/1981,"Oviedo, Spain",16,68,17:16:00,1:17.939,154.135
Monaco,12,3,Daniel Ricciardo,RB Honda RBPT,76,+2 laps,0,https://media.formula1.com/image/upload/content/dam/fom-website/2018-redesign-assets/Flags%2016x9/australia-flag.png,RB,Australia,32,1326.0,249,0,1 (x8),1,01/07/1989,"Perth, Australia",15,46,16:46:52,1:17.172,155.667
Monaco,13,77,Valtteri Bottas,Kick Sauber Ferrari,76,+2 laps,0,https://media.formula1.com/image/upload/content/dam/fom-website/2018-redesign-assets/Flags%2016x9/finland-flag.png,Kick Sauber,Finland,67,1797.0,232,0,1 (x10),1,28/08/1989,"Nastola, Finland",12,17,16:07:57,1:16.561,156.91
Monaco,14,18,Lance Stroll,Aston Martin Aramco Mercedes,76,+2 laps,0,https://media.formula1.com/image/upload/content/dam/fom-website/2018-redesign-assets/Flags%2016x9/canada-flag.png,Aston Martin,Canada,3,285.0,153,0,3 (x3),1,29/10/1998,"Montreal, Canada",13,59,17:04:16,1:16.710,156.605
Monaco,15,2,Logan Sargeant,Williams Mercedes,76,+2 laps,0,https://media.formula1.com/image/upload/f_auto/q_auto/v1677250024/content/dam/fom-website/2018-redesign-assets/Flags%2016x9/united-states-flag.png,Williams,United States,0,1.0,31,0,10 (x1),6,31/12/2000,"Fort Lauderdale, Florida",8,62,17:08:29,1:15.525,159.062
Monaco,16,24,Zhou Guanyu,Kick Sauber Ferrari,76,+2 laps,0,https://media.formula1.com/image/upload/f_auto/q_auto/v1677244974/content/dam/fom-website/2018-redesign-assets/Flags%2016x9/china-flag.png,Kick Sauber,China,0,12.0,54,0,8 (x1),5,30/05/1999,"Shanghai, China",3,75,17:26:04,1:14.718,160.78
Canada,1,1,Max Verstappen,Red Bull Racing Honda RBPT,70,1:45:47.927,25,https://media.formula1.com/image/upload/content/dam/fom-website/2018-redesign-assets/Flags%2016x9/netherlands-flag.png,Red Bull Racing,Netherlands,106,2805.5,195,3,1 (x61),1,30/09/1997,"Hasselt, Belgium",4,70,15:48:59,1:15.569,207.751
Canada,2,4,Lando Norris,McLaren Mercedes,70,+3.879s,18,https://media.formula1.com/image/upload/content/dam/fom-website/2018-redesign-assets/Flags%2016x9/united-kingdom-flag.png,McLaren,United Kingdom,19,783.0,114,0,1 (x1),1,13/11/1999,"Bristol, England",3,67,15:45:15,1:15.558,207.782
Canada,3,63,George Russell,Mercedes,70,+4.317s,15,https://media.formula1.com/image/upload/content/dam/fom-website/2018-redesign-assets/Flags%2016x9/united-kingdom-flag.png,Mercedes,United Kingdom,12,550.0,114,0,1 (x1),1,15/02/1998,"King's Lynn, England",2,70,15:49:03,1:14.895,209.621
Canada,4,44,Lewis Hamilton,Mercedes,70,+4.915s,13,https://media.formula1.com/image/upload/content/dam/fom-website/2018-redesign-assets/Flags%2016x9/united-kingdom-flag.png,Mercedes,United Kingdom,198,4709.5,342,7,1 (x103),1,07/01/1985,"Stevenage, England",1,70,15:49:04,1:14.856,209.73
Canada,5,81,Oscar Piastri,McLaren Mercedes,70,+10.199s,10,https://media.formula1.com/image/upload/f_auto/q_auto/v1677244974/content/dam/fom-website/2018-redesign-assets/Flags%2016x9/australia-flag.png,McLaren,Australia,3,184.0,32,0,2 (x2),2,06/04/2001,"Melbourne, Victoria",5,65,15:42:46,1:16.247,205.904
Canada,6,14,Fernando Alonso,Aston Martin Aramco Mercedes,70,+17.510s,8,https://media.formula1.com/image/upload/f_auto/q_auto/v1677244972/content/dam/fom-website/2018-redesign-assets/Flags%2016x9/spain-flag.png,Aston Martin,Spain,106,2308.0,390,2,1 (x32),1,29/07/1981,"Oviedo, Spain",6,70,15:49:16,1:16.303,205.753
Canada,7,18,Lance Stroll,Aston Martin Aramco Mercedes,70,+23.625s,6,https://media.formula1.com/image/upload/content/dam/fom-website/2018-redesign-assets/Flags%2016x9/canada-flag.png,Aston Martin,Canada,3,285.0,153,0,3 (x3),1,29/10/1998,"Montreal, Canada",9,70,15:49:23,1:16.762,204.523
Canada,8,3,Daniel Ricciardo,RB Honda RBPT,70,+28.672s,4,https://media.formula1.com/image/upload/content/dam/fom-website/2018-redesign-assets/Flags%2016x9/australia-flag.png,RB,Australia,32,1326.0,249,0,1 (x8),1,01/07/1989,"Perth, Australia",12,68,15:46:53,1:17.076,203.689
Canada,9,10,Pierre Gasly,Alpine Renault,70,+30.021s,2,https://media.formula1.com/image/upload/f_auto/q_auto/v1677244973/content/dam/fom-website/2018-redesign-assets/Flags%2016x9/france-flag.png,Alpine,France,4,399.0,140,0,1 (x1),2,07/02/1996,"Rouen, France",11,70,15:49:29,1:17.013,203.856
Canada,10,31,Esteban Ocon,Alpine Renault,70,+30.313s,1,https://media.formula1.com/image/upload/content/dam/fom-website/2018-redesign-assets/Flags%2016x9/france-flag.png,Alpine,France,3,425.0,143,0,1 (x1),3,17/09/1996,"Évreux, Normandy",10,70,15:49:29,1:17.012,203.859
Canada,11,27,Nico Hulkenberg,Haas Ferrari,70,+30.824s,0,https://media.formula1.com/image/upload/f_auto/q_auto/v1677244972/content/dam/fom-website/2018-redesign-assets/Flags%2016x9/germany-flag.png,Haas,Germany,0,536.0,216,0,4 (x3),1,19/08/1987,"Emmerich am Rhein, Germany",8,67,15:45:39,1:16.683,204.733
Canada,12,20,Kevin Magnussen,Haas Ferrari,70,+31.253s,0,https://media.formula1.com/image/upload/content/dam/fom-website/2018-redesign-assets/Flags%2016x9/denmark-flag.png,Haas,Denmark,1,187.0,174,0,2 (x1),4,05/10/1992,"Roskilde, Denmark",7,68,15:46:56,1:16.499,205.226
Canada,13,77,Valtteri Bottas,Kick Sauber Ferrari,70,+40.487s,0,https://media.formula1.com/image/upload/content/dam/fom-website/2018-redesign-assets/Flags%2016x9/finland-flag.png,Kick Sauber,Finland,67,1797.0,232,0,1 (x10),1,28/08/1989,"Nastola, Finland",13,65,15:43:03,1:17.250,203.231
Canada,14,22,Yuki Tsunoda,RB Honda RBPT,70,+52.694s,0,https://media.formula1.com/image/upload/content/dam/fom-website/2018-redesign-assets/Flags%2016x9/japan-flag.png,RB,Japan,0,80.0,76,0,4 (x1),6,11/05/2000,"Sagamihara, Japan",14,70,15:49:52,1:17.309,203.075
Canada,15,24,Zhou Guanyu,Kick Sauber Ferrari,69,+1 lap,0,https://media.formula1.com/image/upload/f_auto/q_auto/v1677244974/content/dam/fom-website/2018-redesign-assets/Flags%2016x9/china-flag.png,Kick Sauber,China,0,12.0,54,0,8 (x1),5,30/05/1999,"Shanghai, China",15,68,15:48:35,1:17.325,203.033
Canada,NC,55,Carlos Sainz,Ferrari,52,DNF,0,https://media.formula1.com/image/upload/content/dam/fom-website/2018-redesign-assets/Flags%2016x9/spain-flag.png,Ferrari,Spain,22,1098.5,194,0,1 (x3),1,01/09/1994,"Madrid, Spain",17,51,15:21:38,1:18.957,198.837
Canada,NC,23,Alexander Albon,Williams Mercedes,52,DNF,0,https://media.formula1.com/image/upload/f_auto/q_auto/v1677244974/content/dam/fom-website/2018-redesign-assets/Flags%2016x9/thailand-flag.png,Williams,Thailand,2,230.0,91,0,3 (x2),4,23/03/1996,"London, England",18,51,15:21:38,1:19.359,197.83
Canada,NC,11,Sergio Perez,Red Bull Racing Honda RBPT,51,DNF,0,https://media.formula1.com/image/upload/content/dam/fom-website/2018-redesign-assets/Flags%2016x9/mexico-flag.png,Red Bull Racing,Mexico,39,1597.0,268,0,1 (x6),1,26/01/1990,"Guadalajara, Mexico",16,51,15:21:42,1:18.819,199.185
Canada,NC,16,Charles Leclerc,Ferrari,40,DNF,0,https://media.formula1.com/image/upload/content/dam/fom-website/2018-redesign-assets/Flags%2016x9/monaco-flag.png,Ferrari,Monaco,35,1222.0,135,0,1 (x6),1,16/10/1997,"Monte Carlo, Monaco",19,39,15:05:48,1:26.012,182.528
Canada,NC,2,Logan Sargeant,Williams Mercedes,23,DNF,0,https://media.formula1.com/image/upload/f_auto/q_auto/v1677250024/content/dam/fom-website/2018-redesign-assets/Flags%2016x9/united-states-flag.png,Williams,United States,0,1.0,31,0,10 (x1),6,31/12/2000,"Fort Lauderdale, Florida",20,19,14:33:21,1:26.484,181.531
Spain,1,1,Max Verstappen,Red Bull Racing Honda RBPT,66,1:28:20.227,25,https://media.formula1.com/image/upload/content/dam/fom-website/2018-redesign-assets/Flags%2016x9/netherlands-flag.png,Red Bull Racing,Netherlands,106,2805.5,195,3,1 (x61),1,30/09/1997,"Hasselt, Belgium",2,54,16:15:52,1:17.776,215.557
Spain,2,4,Lando Norris,McLaren Mercedes,66,+2.219s,19,https://media.formula1.com/image/upload/content/dam/fom-website/2018-redesign-assets/Flags%2016x9/united-kingdom-flag.png,McLaren,United Kingdom,19,783.0,114,0,1 (x1),1,13/11/1999,"Bristol, England",1,51,16:12:04,1:17.115,217.405
Spain,3,44,Lewis Hamilton,Mercedes,66,+17.790s,15,https://media.formula1.com/image/upload/content/dam/fom-website/2018-redesign-assets/Flags%2016x9/united-kingdom-flag.png,Mercedes,United Kingdom,198,4709.5,342,7,1 (x103),1,07/01/1985,"Stevenage, England",4,46,16:05:37,1:17.809,215.466
Spain,4,63,George Russell,Mercedes,66,+22.320s,12,https://media.formula1.com/image/upload/content/dam/fom-website/2018-redesign-assets/Flags%2016x9/united-kingdom-flag.png,Mercedes,United Kingdom,12,550.0,114,0,1 (x1),1,15/02/1998,"King's Lynn, England",7,50,16:10:50,1:18.290,214.142
Spain,5,16,Charles Leclerc,Ferrari,66,+22.709s,10,https://media.formula1.com/image/upload/content/dam/fom-website/2018-redesign-assets/Flags%2016x9/monaco-flag.png,Ferrari,Monaco,35,1222.0,135,0,1 (x6),1,16/10/1997,"Monte Carlo, Monaco",6,52,16:13:37,1:17.897,215.222
Spain,6,55,Carlos Sainz,Ferrari,66,+31.028s,8,https://media.formula1.com/image/upload/content/dam/fom-website/2018-redesign-assets/Flags%2016x9/spain-flag.png,Ferrari,Spain,22,1098.5,194,0,1 (x3),1,01/09/1994,"Madrid, Spain",9,39,15:56:24,1:18.539,213.463
Spain,7,81,Oscar Piastri,McLaren Mercedes,66,+33.760s,6,https://media.formula1.com/image/upload/f_auto/q_auto/v1677244974/content/dam/fom-website/2018-redesign-assets/Flags%2016x9/australia-flag.png,McLaren,Australia,3,184.0,32,0,2 (x2),2,06/04/2001,"Melbourne, Victoria",5,56,16:19:02,1:17.874,215.286
Spain,8,11,Sergio Perez,Red Bull Racing Honda RBPT,66,+59.524s,4,https://media.formula1.com/image/upload/content/dam/fom-website/2018-redesign-assets/Flags%2016x9/mexico-flag.png,Red Bull Racing,Mexico,39,1597.0,268,0,1 (x6),1,26/01/1990,"Guadalajara, Mexico",3,51,16:12:50,1:17.785,215.532
Spain,9,10,Pierre Gasly,Alpine Renault,66,+62.025s,2,https://media.formula1.com/image/upload/f_auto/q_auto/v1677244973/content/dam/fom-website/2018-redesign-assets/Flags%2016x9/france-flag.png,Alpine,France,4,399.0,140,0,1 (x1),2,07/02/1996,"Rouen, France",13,51,16:12:41,1:19.045,212.096
Spain,10,31,Esteban Ocon,Alpine Renault,66,+71.889s,1,https://media.formula1.com/image/upload/content/dam/fom-website/2018-redesign-assets/Flags%2016x9/france-flag.png,Alpine,France,3,425.0,143,0,1 (x1),3,17/09/1996,"Évreux, Normandy",12,54,16:16:49,1:18.982,212.266
Spain,11,27,Nico Hulkenberg,Haas Ferrari,66,+79.215s,0,https://media.formula1.com/image/upload/f_auto/q_auto/v1677244972/content/dam/fom-website/2018-redesign-assets/Flags%2016x9/germany-flag.png,Haas,Germany,0,536.0,216,0,4 (x3),1,19/08/1987,"Emmerich am Rhein, Germany",10,49,16:10:15,1:18.609,213.273
Spain,12,14,Fernando Alonso,Aston Martin Aramco Mercedes,65,+1 lap,0,https://media.formula1.com/image/upload/f_auto/q_auto/v1677244972/content/dam/fom-website/2018-redesign-assets/Flags%2016x9/spain-flag.png,Aston Martin,Spain,106,2308.0,390,2,1 (x32),1,29/07/1981,"Oviedo, Spain",8,50,16:11:50,1:18.334,214.022
Spain,13,24,Zhou Guanyu,Kick Sauber Ferrari,65,+1 lap,0,https://media.formula1.com/image/upload/f_auto/q_auto/v1677244974/content/dam/fom-website/2018-redesign-assets/Flags%2016x9/china-flag.png,Kick Sauber,China,0,12.0,54,0,8 (x1),5,30/05/1999,"Shanghai, China",11,50,16:11:49,1:18.771,212.834
Spain,14,18,Lance Stroll,Aston Martin Aramco Mercedes,65,+1 lap,0,https://media.formula1.com/image/upload/content/dam/fom-website/2018-redesign-assets/Flags%2016x9/canada-flag.png,Aston Martin,Canada,3,285.0,153,0,3 (x3),1,29/10/1998,"Montreal, Canada",15,50,16:11:54,1:19.318,211.366
Spain,15,3,Daniel Ricciardo,RB Honda RBPT,65,+1 lap,0,https://media.formula1.com/image/upload/content/dam/fom-website/2018-redesign-assets/Flags%2016x9/australia-flag.png,RB,Australia,32,1326.0,249,0,1 (x8),1,01/07/1989,"Perth, Australia",17,61,16:26:59,1:19.450,211.015
Spain,16,77,Valtteri Bottas,Kick Sauber Ferrari,65,+1 lap,0,https://media.formula1.com/image/upload/content/dam/fom-website/2018-redesign-assets/Flags%2016x9/finland-flag.png,Kick Sauber,Finland,67,1797.0,232,0,1 (x10),1,28/08/1989,"Nastola, Finland",18,13,15:21:30,1:19.608,210.596
Spain,17,20,Kevin Magnussen,Haas Ferrari,65,+1 lap,0,https://media.formula1.com/image/upload/content/dam/fom-website/2018-redesign-assets/Flags%2016x9/denmark-flag.png,Haas,Denmark,1,187.0,174,0,2 (x1),4,05/10/1992,"Roskilde, Denmark",19,33,15:49:12,1:19.805,210.077
Spain,18,23,Alexander Albon,Williams Mercedes,65,+1 lap,0,https://media.formula1.com/image/upload/f_auto/q_auto/v1677244974/content/dam/fom-website/2018-redesign-assets/Flags%2016x9/thailand-flag.png,Williams,Thailand,2,230.0,91,0,3 (x2),4,23/03/1996,"London, England",14,45,16:05:33,1:19.132,211.863
Spain,19,22,Yuki Tsunoda,RB Honda RBPT,65,+1 lap,0,https://media.formula1.com/image/upload/content/dam/fom-website/2018-redesign-assets/Flags%2016x9/japan-flag.png,RB,Japan,0,80.0,76,0,4 (x1),6,11/05/2000,"Sagamihara, Japan",16,56,16:20:34,1:19.447,211.023
Spain,20,2,Logan Sargeant,Williams Mercedes,64,+2 laps,0,https://media.formula1.com/image/upload/f_auto/q_auto/v1677250024/content/dam/fom-website/2018-redesign-assets/Flags%2016x9/united-states-flag.png,Williams,United States,0,1.0,31,0,10 (x1),6,31/12/2000,"Fort Lauderdale, Florida",20,38,15:56:13,1:20.172,209.115
